#,Player,Pos,Team,1,2,3,4,5,6,7,8,9,10,11,12,13,14,15,16,17,AVG,TTL
1,Josh Allen,QB,BUF,28.2,34.5,32.2,25.4,18.3,16.1,16.4,13.5,36,28.4,BYE,16.5,30.1,19.3,37.7,32.3,20.3,25.3,405.1,2
2,Kyler Murray,QB,ARI,27.3,33.1,24.7,23.1,27.3,28.9,38.1,BYE,37.9,30.9,20.3,8.9,17.4,18.5,34.1,16.4,3.8,24.4,390.7,3
3,Aaron Rodgers,QB,NYJ,30.8,18.2,24.5,29.6,-,5.8,27.3,22.5,28.9,26.4,22.7,25.6,23.5,30.9,18.3,26.1,26,24.2,387.3,4
4,Patrick Mahomes II,QB,KC,20.4,27.5,40,20.2,30.7,20.6,12,36.6,31.5,BYE,22.5,31.3,19.3,21.6,25.9,20.2,-,25.4,380.4,5
5,Deshaun Watson,QB,CLE,21.8,15.7,18.1,20.9,26.9,32,24.2,-,24.2,14.1,31.4,33.1,20.4,16.6,23.4,26.8,26.8,23.5,376.3,6
6,Russell Wilson,QB,DEN,31.8,34.4,36.8,21.9,25.5,-,32.9,28.7,24.1,11.9,20.1,14.4,16,23.1,13,19.9,18.1,23.3,372.8,7
7,Ryan Tannehill,QB,TEN,19.4,26.8,12.7,BYE,30,29.6,17.3,18.3,14.6,10.8,22.9,19.1,28.6,16.5,37,18.3,28.4,21.9,350.4,8
8,Tom Brady,QB,FA,22.5,9.7,23.9,33.5,14.1,14.6,36.9,19.1,5.4,31.8,14.6,23.7,-,15.6,23.4,29.9,31.3,21.9,349.9,9
9,Justin Herbert,QB,LAC,-,23.2,15.7,24,27.4,BYE,38.5,23.2,23.4,21.5,27.7,17.4,6.4,16.7,28,16.7,33,22.9,342.8,10
10,Lamar Jackson,QB,BAL,27.5,17.6,14.2,26,14.5,28.2,BYE,16.8,18.6,22.5,17.5,-,26.7,34.9,30.2,21.3,25.2,22.8,341.8,11
11,Kirk Cousins,QB,MIN,22.8,1.5,21.4,14.9,15.2,26.7,BYE,10.4,20.8,18.6,23,26.2,22.4,17.1,20.3,23.6,34.3,20,319.2,12
12,Derrick Henry,RB,TEN,13.1,8.4,25,BYE,18.3,38.4,13.2,17.2,6.8,10.9,19.2,36.5,4.9,34.2,23.2,9.8,35,19.6,314.1,13
13,Alvin Kamara,RB,NO,18.7,29.4,31.7,17.9,11.9,BYE,14.8,16.3,10.9,27.8,10.5,5.2,15.7,15.4,15.4,53.2,-,19.7,294.8,14
14,Dalvin Cook,RB,MIN,20.8,15.1,23.9,26.6,14.9,-,BYE,46.6,37.2,11.2,20,6.2,17.9,17,21.9,14.5,-,21,293.8,15
15,Matt Ryan,QB,FA,24.9,28.5,12.4,12.4,7.9,31.6,17.5,18.9,23.4,-,7.3,14.9,12.9,10.3,27.8,19.9,22.7,18.3,293.4,16
16,Derek Carr,QB,NO,13.6,21.7,15.4,20.4,25,BYE,20.3,12.5,14,7.2,22.6,1.6,32.7,25.8,2.1,23.2,22.9,17.6,281.1,17
17,Ben Roethlisberger,QB,FA,22.1,19.2,19.2,-,21.4,11,15.6,15.3,25,29.3,17.7,13.5,19.2,15.5,7.7,25.5,-,18.5,277.2,18
18,Matthew Stafford,QB,LAR,17.2,17.2,18.5,23.3,-,13.3,18.4,23.4,10.4,23,7.6,17.1,27.1,14.4,15.3,0.7,23.6,16.9,270.6,19
19,Cam Newton,QB,FA,25.7,35.6,12.2,-,-,19.5,2.8,18.4,24.6,16.8,19.2,6,23.6,5.4,12.2,9.8,37.5,17.9,269,20
20,Baker Mayfield,QB,TB,10.9,16.3,14.3,15.2,17.6,7.3,30.8,7.8,-,5.4,7.1,18.4,28.5,31,21,8,16.2,16,255.6,21
21,Jared Goff,QB,DET,11.5,24,28.2,11.7,25.4,15.9,16.9,12.2,-,10.5,25,5,24.1,15.6,16.3,10.7,-,16.9,253,22
22,Teddy Bridgewater,QB,FA,19.4,10.7,14.6,27.2,20.8,11.4,19.2,13,28.3,20,-,14.9,-,20.4,16.9,9.6,5.7,16.8,252.2,23
23,Philip Rivers,QB,FA,16.8,11.9,12.7,11.2,7.6,25.7,-,22.3,8.1,16.3,22.4,18.8,19.2,17.8,17,11.8,11.4,15.7,251,24
24,Davante Adams,WR,LV,27.6,3.6,-,-,-,6.1,31.6,23.3,23.3,10.6,16.6,12.1,24.1,17.5,4.2,32.2,10.6,17.4,243.4,25
25,Tyreek Hill,WR,MIA,10.6,16.8,16.2,12.4,15.3,2.5,11.5,21.8,24.1,-,16,44.9,8.8,23.1,11.4,6.5,-,16.1,241.9,26
26,Jonathan Taylor,RB,IND,8.9,17,12.2,7.9,13.4,11.5,BYE,3.1,7.4,3.7,11.4,-,19.5,28.5,15.5,19.4,37.4,14.5,216.8,27
27,Drew Brees,QB,FA,14.4,15.5,23.5,16.5,22.1,-,23.7,19.6,22.7,6.9,-,-,-,-,20.4,10.1,20,18,215.5,28
28,Carson Wentz,QB,FA,15,14.4,23.5,22.4,19.4,29.4,28.8,10.6,-,8.7,16.4,19.8,5,-,-,-,-,17.8,213.4,29
29,Aaron Jones,RB,GB,13.6,41.6,14.6,17.1,BYE,10.1,-,-,7.9,9.5,13.1,9,20.8,7.5,21.8,10.8,14.5,15.1,211.9,30
30,David Montgomery,RB,DET,7.4,18.7,5.4,7.7,11.9,9.7,6.9,10.5,2.2,-,-,20.3,23.1,21.5,28.2,18.1,19.2,14.1,210.8,31
31,Travis Kelce,TE,KC,11,15,8.7,7,16.8,16.5,3.1,16.9,15.9,BYE,18.9,8.2,19.6,19.6,14.8,15.8,-,13.9,207.8,32
32,Stefon Diggs,WR,BUF,8.6,21.3,10.9,11.5,10.6,10.6,4.8,9.2,11.8,15.3,BYE,3.9,9.2,19.1,14.7,32.5,7.6,12.6,201.6,33
33,James Robinson,RB,NE,9,18,24.9,10.7,5,11.3,27.7,-,15.9,11.2,9.4,21.9,16.8,8.3,11.3,-,-,14.4,201.4,34
34,Josh Jacobs,RB,LV,31.9,10.5,6.3,7.3,20.5,BYE,3.1,12.9,12.8,25.6,12.4,2.4,-,7.4,17.4,6.9,20.9,13.2,198.3,35
35,Drew Lock,QB,SEA,13.1,-1.2,-,-,-,5.5,15,20.8,30.2,11,12.1,-,12.9,25.6,11,16.1,24.3,15.1,196.3,36
36,Nick Chubb,RB,CLE,4.6,25.3,23,4.3,-,-,-,-,BYE,18.6,11.4,23.6,16.6,22.3,12.6,12.6,16.8,16,191.7,37
37,Calvin Ridley,WR,JAC,24.9,22.9,11.7,0,13.6,12.9,14.9,4.2,-,-,9,11,10.8,18.4,22.3,12.3,2.6,12.8,191.5,38
38,Daniel Jones,QB,NYG,19.4,8.7,9.1,11.1,8.2,14.9,21.7,18.2,12.9,22.2,BYE,10.4,-,3.1,-,14.4,15.9,13.6,190,39
39,DK Metcalf,WR,SEA,15.5,15.2,15,10.6,21.3,BYE,2.3,28.1,16.8,2.8,10.6,17.7,8,12.1,4.3,5.9,2.1,11.8,188.3,40
40,Justin Jefferson,WR,MIN,2.6,4.4,23.5,10.3,2.3,30.6,BYE,2.6,6.4,13.5,14.6,19,18.3,5.9,10.4,8.5,13.3,11.6,186.2,41
41,Kareem Hunt,RB,FA,8.1,22.1,12.4,19.1,15.3,5.7,16.2,7.3,-,13.2,8.1,6.2,5.7,23,2.8,11.2,4.1,11.3,180.5,42
42,Adam Thielen,WR,CAR,25,3.1,9.3,18.2,20.3,11.1,-,2.7,3.8,16.3,24.3,-,13.5,3.9,7.1,15.7,5.7,12,180,43
43,Joe Burrow,QB,CIN,17.3,24.5,20.4,16.1,5.3,17.7,34.6,18.9,BYE,12.5,11.3,-,-,-,-,-,-,17.9,178.7,44
44,Mike Evans,WR,TB,6.2,16.4,12.2,18.2,10.1,1,3.7,11.5,6.4,13.7,10.9,17,BYE,5.6,11,30.1,4.6,11.2,178.6,45
45,A.J. Brown,WR,PHI,3.9,-,-,-,14.2,17.8,21.3,8.4,16.1,2.1,12.2,21.8,6.7,17.2,10.4,4.3,21.1,12.7,177.5,46
46,DeAndre Hopkins,WR,FA,15.1,12.8,13.7,4.1,19.1,7.3,14.3,-,3,18.7,5.1,5.5,11.2,13.6,21,4.8,3.5,10.8,172.8,47
47,Jason Sanders,K,MIA,4,11,7,18,22,6,BYE,4,14,14,10,12,14,10,2,15,9,10.8,172,48
48,Ezekiel Elliott,RB,FA,24.7,16.2,11.8,12.5,22.5,4,5.1,7.3,6.9,-,17.4,1.9,9.5,5.9,-,13.9,12.1,11.4,171.7,49
49,Darren Waller,TE,NYG,4.5,16.5,0.9,6.8,10.8,-,11,2.7,8.2,3.7,14.8,2.3,32,7.5,21,11.2,17.7,10.7,171.6,50
50,Younghoe Koo,K,ATL,9,17,8,-,13,20,2,13,12,BYE,13,21,12,6,11,2,9,11.2,168,51
51,Kenyan Drake,RB,FA,12.5,9.5,7.9,3.5,12.2,28.4,4.1,-,-,8.9,12,21.3,11.8,15,4,11,5.1,11.1,167.2,52
52,Melvin Gordon III,RB,FA,12.6,14.4,3.8,23.8,-,-,10,4.7,2.7,4.6,18.4,3.1,14.2,9.1,20.1,7.9,17,11.1,166.4,53
53,Antonio Gibson,RB,WAS,4.4,11.2,10,18.8,5.1,5.5,18.8,BYE,9.5,18.5,16.4,31.6,1.4,-,-,6.9,8.1,11.9,166.2,54
54,Tyler Lockett,WR,SEA,9.2,12.7,28,3.9,4.4,BYE,38,3.3,4,6.6,12.7,2.3,6.3,5.2,3.4,4.4,21,10.3,165.4,55
55,Gardner Minshew II,QB,IND,20.8,25.5,10.2,21.9,19.8,18.1,19,-,-,-,-,-,-,13.3,15.9,-,-,18.3,164.7,56
56,Mitch Trubisky,QB,PIT,24.3,15.2,12.6,BYE,-,-,-,0.3,-,-,-,20.7,13.3,25,14.5,24.6,11.3,16.2,161.7,57
57,Allen Robinson II,WR,PIT,7.3,3.3,18.3,16.1,9,5.3,7,14.7,8.1,4.3,-,19.4,7.5,18.3,8.3,10.3,3.7,10.1,160.9,58
58,Ryan Fitzpatrick,QB,FA,8.4,24.3,24.2,23.3,27.6,18,-,-,-,-,4.3,19.3,-,0,-,11.3,-,16.1,160.7,59
59,Ronald Jones II,RB,DAL,8.2,8.7,7.3,12.8,12.5,24.1,9.6,2.6,1.8,23.8,2.4,16.3,-,14.4,-,-,13.8,11.3,158.3,60
60,Tyler Bass,K,BUF,9,7,5,6,5,6,23,6,15,18,BYE,11,10,8,12,8,8,9.8,157,61
61,Robert Woods,WR,HOU,11.9,9.3,16.4,3.8,13.1,10,2.5,21.4,-,3.6,18.6,8.8,8.5,3.1,15.6,4.9,3.6,9.7,155.1,62
62,Daniel Carlson,K,LV,12,12,8,13,11,BYE,9,10,7,15,7,6,8,9,9,13,6,9.7,155,63
63,Greg Zuerlein,K,NYJ,5,11,9,2,14,4,4,13,15,BYE,5,10,5,14,13,13,16,9.6,153,64
64,Chase Claypool,WR,CHI,4.7,14.8,2.4,-,35.6,14.1,-0.2,8.2,7.3,17.3,11.9,5.2,3.8,1.5,4.8,5.4,16.1,9.6,152.9,65
65,Marvin Jones Jr.,WR,DET,5.5,8.3,5.1,0.9,BYE,0.8,8,15.9,10.3,15.6,5.1,4.8,17.6,4.8,17.2,1.9,30,9.5,151.8,66
66,Los Angeles Rams,DST,LAR,4,7,4,11,12,0,15,5,BYE,13,5,15,11,21,2,6,20,9.4,151,66
66,Brandin Cooks,WR,DAL,2,9.5,2.3,0,22.1,12.8,6,-,14.3,3.9,8.5,8.5,6.5,-,5.9,20.1,28.6,10.1,151,68
68,Chris Carson,RB,FA,18.6,16.8,7.6,22,13.9,-,4.1,-,-,-,-,11.9,17,15.8,6.9,7.9,8.3,12.6,150.8,69
69,Taysom Hill,TE,NO,4.2,0.8,-1.3,1.4,7.3,BYE,0.6,12.5,9.4,2.5,24.2,18.5,23.6,19.9,6.3,10,10.6,9.4,150.6,70
70,J.K. Dobbins,RB,BAL,14.2,6.1,4.4,1.7,5.5,2.9,BYE,12.1,3.5,1.4,16.5,-,13.1,13.3,14.1,13.7,28,10,150.5,71
71,Rodrigo Blankenship,K,FA,8,15,12,14,11,8,-,3,5,11,15,2,7,14,11,6,8,9.4,150,72
72,Pittsburgh Steelers,DST,PIT,8,13,7,BYE,8,18,2,18,7,12,17,14,3,6,2,9,4,9.3,148,73
73,Mike Davis,RB,FA,0,7.5,15.1,17.1,20.9,9.5,3.6,7.7,3.7,4.4,13.9,7.9,-,21.3,6.1,8.8,-,9.8,147.5,74
74,David Johnson,RB,FA,16.9,5,10.6,9.2,10.3,12.9,12.4,-,1.6,-,-,-,10.4,-,13.3,25.9,18,12.2,146.5,75
75,DJ Moore,WR,CHI,5.4,12,6.5,4.9,15.3,9.3,21.3,5.5,1.8,15.6,14.8,6.1,-,-,13.2,3.7,10.1,9.7,145.5,76
76,Keenan Allen,WR,LAC,3.7,9.6,17.2,6.2,8.9,BYE,12.5,12.7,16.3,9.9,18.5,12,4.8,11.2,1.6,-,-,10.4,145.1,77
77,Sam Darnold,QB,SF,12.2,11.9,9.7,23.6,-,-,2.8,7.4,-,-,BYE,6.8,21,5.6,14.1,17,12.9,12.1,145,77
77,Ryan Succop,K,FA,5,7,9,8,14,10,9,15,4,17,6,6,-,9,7,5,14,9.1,145,77
77,Indianapolis Colts,DST,IND,4,15,26,7,11,4,BYE,15,5,10,8,-3,12,12,10,0,9,9.1,145,77
77,Justin Tucker,K,BAL,9,16,9,8,10,16,BYE,8,7,5,10,2,10,9,9,9,8,9.1,145,81
81,Amari Cooper,WR,CLE,8.1,10,8.6,21.4,2.1,13.9,8.5,0.5,7.5,-,8.1,17.2,11.3,11.1,0.3,12.1,4.1,9.1,144.8,82
82,Andy Dalton,QB,CAR,-,0,-,-,2.4,13,3.6,-,-,-,19.3,13.3,18.6,15.3,17.2,27.6,13.6,13.1,143.9,83
83,D'Andre Swift,RB,PHI,8.3,7.2,1.9,11.2,-,24.3,10.8,2.3,9.7,20.9,-,-,-,11,18.2,5,13,11.1,143.8,84
84,CeeDee Lamb,WR,DAL,5.9,11.5,6.6,20.2,12.4,6.4,0.1,4.6,11.1,BYE,12.6,2.1,4.6,6.1,14.5,20.4,4.6,9,143.7,85
85,Miles Sanders,RB,CAR,-,17.1,10.7,7.6,21.9,11.2,-,-,-,11.5,6.1,4.2,3.1,25.6,9,14.4,-,11.9,142.4,86
86,Baltimore Ravens,DST,BAL,15,15,7,6,26,7,BYE,4,14,1,3,8,4,0,10,10,11,8.8,141,86
86,Miami Dolphins,DST,MIA,2,2,12,3,12,15,BYE,23,8,6,5,14,14,10,9,5,1,8.8,141,88
88,Tua Tagovailoa,QB,MIA,-,-,-,-,-,0.4,BYE,5.7,21.4,14.7,7.3,-,16.1,28,19.7,8.9,18.2,14,140.5,89
89,Clyde Edwards-Helaire,RB,KC,19.8,7,13.4,9.1,8,16.9,12.3,3.1,9.4,BYE,19.7,3.9,-,9.1,8.3,-,-,10.8,140,90
90,Cairo Santos,K,CHI,9,5,6,3,9,13,5,14,5,8,BYE,5,7,10,18,12,10,8.7,139,91
91,Dak Prescott,QB,DAL,17.6,39.8,29.5,38.3,13.4,-,-,-,-,BYE,-,-,-,-,-,-,-,27.7,138.6,92
92,Todd Gurley II,RB,FA,11.7,6.1,14.2,18.3,21,6.7,20.2,10.6,11.5,-,2.9,-,2,3.1,1.4,5,3.5,9.2,138.2,93
93,Jason Myers,K,SEA,9,5,4,9,3,BYE,12,8,12,12,9,12,4,11,10,10,8,8.6,138,94
94,Nelson Agholor,WR,BAL,8.3,1.9,3.2,10.4,12.7,-,16.7,0,11.5,0.8,14.8,5.4,3.8,16,4.9,21.5,5.7,8.6,137.6,95
95,JuJu Smith-Schuster,WR,NE,18.9,4.8,12.3,-,2.8,0.6,8.5,6.7,15.3,13.7,1.9,9.7,2.8,11.5,-0.5,15.6,12.5,8.6,137.1,96
96,Terry McLaurin,WR,WAS,6.1,18.5,8.6,11.8,2.6,7.4,15,BYE,17.5,10.2,8.4,9.2,1.4,2.4,7.7,-,10,9.1,136.8,97
97,Brandon McManus,K,JAC,2,8,6,18,-,24,5,7,11,8,9,5,6,2,-,14,11,9.1,136,98
98,William Fuller V,WR,FA,11.2,0,11.4,16.8,11.8,18.3,9.5,-,16,3.8,8,29.1,-,-,-,-,-,12.4,135.9,99
99,Curtis Samuel,WR,WAS,4.3,3.9,5.2,4.8,6.4,-,11.3,17.4,17.8,1.2,13.4,7.7,-,9,4.8,15.8,12.1,9,135.1,100
100,Wil Lutz,K,NO,10,6,13,5,15,BYE,11,14,8,10,6,8,3,3,3,10,10,8.4,135,101
101,Harrison Butker,K,KC,10,13,4,8,6,8,14,5,11,BYE,5,9,17,8,6,7,3,8.4,134,102
102,Diontae Johnson,WR,PIT,3.7,15.2,0.9,BYE,-0.2,-,20,0.6,8.1,17.6,11.1,4.6,13.1,4,11.9,13.6,9.6,8.9,133.8,103
103,Graham Gano,K,NYG,4,7,13,9,20,8,3,5,13,10,BYE,15,4,1,6,8,7,8.3,133,104
104,Ka'imi Fairbairn,K,HOU,2,12,3,13,13,6,8,BYE,11,1,10,10,10,1,8,7,17,8.3,132,105
105,Nyheim Hines,RB,BUF,19.3,0.4,6.1,3.2,3,2.7,-,18.2,3.8,23.5,5.3,9.5,9.2,7.5,5.4,6.4,6.7,8.1,130.2,106
106,James Conner,RB,ARI,1.7,18.1,20.9,-,12.3,16.2,11.1,12,2,4.8,9.9,-,-,1.8,-,12.6,6.2,10,129.6,107
107,Jeff Wilson Jr.,RB,MIA,0,0.3,18.9,1.9,2.7,-,30,-,-,-,-,2,5.9,8.4,12,26.4,20.8,10.8,129.3,108
108,Chosen Anderson,WR,MIA,19.4,8.9,5.5,9.9,11.5,7.7,7.4,4.8,6.3,2.1,4.6,15.4,-,9.7,2,9.9,4,8.1,129.1,109
109,Joey Slye,K,WAS,12,5,15,7,11,11,7,5,8,6,10,10,-,9,10,2,1,8.1,129,110
110,Nick Mullens,QB,MIN,-,1.6,17.7,8,-,-,BYE,17.5,12.6,12.2,-,9.1,22.6,13.4,13.5,-,-,12.8,128.3,111
111,Dustin Hopkins,K,LAC,10,3,2,6,5,7,5,-,10,10,10,11,14,13,4,8,10,8,128,112
112,Tee Higgins,WR,CIN,0,3.5,16,9,6.2,12.7,13.8,8.4,BYE,15.5,2.6,10.4,5.6,4.9,3.1,15.9,0,8,127.6,113
113,Washington Commanders,DST,WAS,15,4,1,4,2,4,17,BYE,5,0,12,15,3,23,3,9,10,7.9,127,114
114,Corey Davis,WR,NYJ,10.1,9.6,6.9,-,-,-,9.5,18.8,0,6.7,11.3,7,24.2,1.4,17,0,3.9,9,126.4,115
115,Chris Godwin,WR,TB,7.9,-,12.4,-,-,4.8,14.8,-,4.1,9.2,11.3,9.7,BYE,2.5,9.6,14.4,25.3,10.5,126,115
115,New Orleans Saints,DST,NO,17,4,-3,4,3,BYE,1,7,16,14,16,14,6,2,7,1,17,7.9,126,117
117,Cole Beasley,WR,FA,5.8,7,10,9.2,5.3,10.5,11.2,2.4,3.9,16.9,-,7.3,19,4.1,11.2,1.7,-,8.4,125.5,118
118,Marquise Brown,WR,ARI,10.1,4.2,1.3,8.6,13.8,5.7,-,6.3,3.8,1.4,0,14.5,9.9,11,9.8,8.5,16.1,7.8,125,119
119,Robert Tonyan,TE,CHI,0,8.5,11,27.8,-,2.5,3.2,7.9,0.5,3.3,10.4,12.7,9.9,9.6,7.8,1.7,7.8,7.8,124.6,120
120,Brandon Aiyuk,WR,SF,-,2.1,16.1,11.6,4.4,7.2,11.5,15.1,-,12.7,BYE,-,15.5,11.9,13.3,3.1,-,10.4,124.5,121
121,Myles Gaskin,RB,MIA,6.6,8.2,9.5,6.2,15.1,12.6,BYE,10.3,-,-,-,-,12.1,-,-,28.9,13.7,12.3,123.2,122
122,Nick Folk,K,NE,3,6,12,5,BYE,7,8,8,15,5,9,10,9,3,15,4,4,7.7,123,123
123,Mason Crosby,K,FA,12,11,16,7,-,4,5,2,12,6,7,5,7,9,8,4,5,7.5,120,123
123,Michael Badgley,K,DET,11,9,5,9,3,-,9,15,9,3,11,3,0,9,6,14,4,7.5,120,125
125,Gus Edwards,RB,BAL,1.7,7.3,3.9,3.8,2.5,8.6,BYE,14.7,7.4,7.3,0.6,7,10.1,17.3,7.8,12.2,7,7.5,119.2,126
126,Stephen Gostkowski,K,FA,4,12,25,-,6,4,8,2,7,7,12,10,3,9,8,2,-,7.9,119,126
126,Tampa Bay Buccaneers,DST,TB,0,14,18,6,6,19,6,7,1,5,4,4,BYE,9,3,12,5,7.4,119,128
128,Buffalo Bills,DST,BUF,8,2,5,6,-4,3,14,4,12,6,BYE,6,4,12,12,7,21,7.4,118,129
129,Matt Prater,K,ARI,12,3,14,3,-,11,16,3,9,16,0,5,4,6,7,1,7,7.3,117,130
130,Cooper Kupp,WR,LAR,4,8,16.7,12.7,6.6,1.1,5.9,11,BYE,5,14.5,4.1,7.3,9.3,3.9,6.6,-,7.8,116.7,131
131,Jarvis Landry,WR,FA,6.1,4.6,3.6,10.3,8.8,4,6,5.2,-,2.9,2.6,20.3,12.4,5.7,12.1,-,11.4,7.7,116,132
132,Wayne Gallman Jr.,RB,FA,1.4,-,1.4,4.5,2.4,0,11.4,12.2,13.7,18,-,15.1,13.5,7.3,2.9,5.3,6.5,7.7,115.6,133
133,Chase Edmonds,RB,TB,10.5,1.3,3.4,10,15.2,2.9,14.5,-,8.8,7.7,10.9,4.3,4.3,5.3,12.6,0.8,2.5,7.2,115,134
134,Darrell Henderson Jr.,RB,FA,0.6,18.1,18,3.7,18.8,9.2,7.6,5.8,-,9.3,0.9,1.9,13.4,0.5,0.3,6.2,-,7.6,114.3,134
134,Michael Gallup,WR,DAL,5,5.8,19.8,2.9,7.3,2.3,0,6.1,3.6,BYE,2.9,4.1,14.6,2.3,8.6,24.1,4.9,7.1,114.3,136
136,Tyler Boyd,WR,CIN,3.3,13.2,12.5,9.4,4.2,7.9,16.7,13.6,BYE,4.1,8.5,1.5,13.2,4.3,0,-,1.2,7.6,113.6,137
137,Latavius Murray,RB,BUF,4.8,3.3,6.5,20.3,5.7,-,5.6,3.1,4.2,5.7,8.5,24.6,1.7,0.7,8.9,9.6,-,7.5,113.2,138
138,Jamison Crowder,WR,NYG,17.5,-,-,10.4,17.6,4.8,-,-,8.6,-,1.6,3.1,16.7,0.7,6.6,22.3,3.1,9.4,113,139
139,Adrian Peterson,RB,FA,11.4,4.1,8.5,9.6,-,11.8,3,1.2,4.3,3,1.8,17.5,17.7,3,2.3,1,12.3,7,112.5,140
140,Nick Foles,QB,FA,-,-,18.2,12.9,12.6,17.3,8.4,17.9,21.6,3.4,-,-,-,-,-,-0.2,-,12.5,112.2,141
141,Jalen Hurts,QB,PHI,-,0,0.5,1.8,0.7,2.6,0.2,0.4,BYE,-0.1,0.6,0.2,10.3,19.3,37.8,20.6,17.3,7.5,112.1,141
141,Mark Andrews,TE,BAL,17.8,2.9,2.2,17.7,11.6,2.1,BYE,3.2,2.2,6.1,15.6,-,-,7.8,12.6,7.6,2.7,8,112.1,143
143,J.D. McKissic,RB,FA,-0.1,5.3,5.2,2.6,4.9,8.4,5.1,-,8.2,10.9,6.9,2.7,7.8,8.6,16.7,15.2,3,7,111.4,144
144,Austin Ekeler,RB,LAC,8.7,14.8,20.3,1.4,-,BYE,-,-,-,-,-,12.9,6.8,14.6,7.9,12.8,11.1,11.1,111.3,145
145,Giovani Bernard,RB,FA,2.8,2.5,5.5,1.9,0.4,8.8,15.6,19.8,-,4.7,5.5,4.9,2.9,0.3,21.7,13.1,0.7,6.9,111.1,146
146,Tim Patrick,WR,DEN,2.9,2.4,10.3,17.3,BYE,10.1,4.4,-,8.9,6.1,11.9,0,16.4,9.6,1.4,3.9,4.6,7.3,110.2,147
147,Cody Parkey,K,FA,-,5,11,12,13,1,8,7,-,5,9,10,12,4,2,5,6,7.3,110,147
147,Arizona Cardinals,DST,ARI,6,9,4,1,7,15,7,BYE,2,3,2,8,2,18,10,6,10,6.9,110,149
149,Russell Gage,WR,TB,11.4,10.6,2.6,2,1.6,6.5,5.4,2.5,1.1,-,5.8,3.4,11.1,13.8,12.8,2.3,16.2,6.8,109.1,150
150,T.J. Hockenson,TE,MIN,11.6,6.2,5.3,8.9,-,7.7,11.9,6.5,9.9,1.3,6.8,8.9,8.4,10.3,-0.2,2.3,2.5,6.8,108.3,151
151,T.Y. Hilton,WR,FA,5.3,2.8,5.2,2.9,6.9,1.1,-,0.9,-,4,3.6,14.1,17,20.6,7.1,6,10.7,7.2,108.2,152
152,Kansas City Chiefs,DST,KC,7,5,7,20,-1,3,24,9,1,BYE,1,5,5,14,2,7,-1,6.8,108,152
152,New England Patriots,DST,NE,11,6,15,4,BYE,7,6,3,3,5,0,5,31,4,4,-4,8,6.8,108,154
154,Mike Gesicki,TE,NE,3,19,7.5,1.5,9.1,0,-,0.8,4.2,4,4.3,9.5,14.8,18.5,-,5.4,4.7,7.1,106.3,155
155,Robbie Gould,K,FA,10,8,14,2,5,7,10,3,5,8,-,14,7,1,10,2,-,7.1,106,156
156,Mike Williams,WR,LAC,6.9,1.4,1.7,-,22.9,BYE,0.4,16,8.1,3.8,13.2,2.6,4.3,0,2.2,5.4,16.8,7,105.7,157
157,Devin Singletary,RB,HOU,5.3,7.6,12.1,13.7,3.3,4.5,4.7,9.2,3.4,1,-,8.2,8.3,3.4,14.4,5.2,1.3,6.6,105.6,157
157,Jerry Jeudy,WR,DEN,5.6,6.2,5.5,12.1,BYE,3.2,2,7.3,18.5,6.8,3.7,0,0.5,4.2,1.9,6.1,22,6.6,105.6,159
159,Seattle Seahawks,DST,SEA,6,3,11,5,7,BYE,0,7,3,5,5,9,9,12,9,9,5,6.6,105,160
160,Logan Thomas,TE,WAS,9.7,2.6,3.1,0.8,0.4,10.2,12,BYE,2.8,6.6,0.8,9.4,15.8,4.3,10.1,6.3,9.7,6.5,104.6,161
161,Marquez Valdes-Scantling,WR,KC,15.6,6.4,0.5,4.5,-,3.2,0.9,2.3,17.3,20.9,3.5,0,-0.4,14.5,0,0,15.1,6.5,104.3,161
161,Rob Gronkowski,TE,FA,1.1,0,4.8,2.9,5.2,13.8,12.2,10.1,0.2,11.1,2.5,10.6,-,6.2,2.9,17.8,2.9,6.5,104.3,163
163,Emmanuel Sanders,WR,FA,7.5,1.8,11.6,9.3,12.2,-,-,-,9.8,0.5,6.6,0.4,3.9,10.8,7.6,9.5,12.3,7.4,103.8,164
164,DeVante Parker,WR,NE,4.7,11.3,6.9,11,11,3.5,-,6.3,6.4,3.1,12.1,11.9,3.5,0,-,-,11.6,7.4,103.3,165
165,Philadelphia Eagles,DST,PHI,3,1,8,18,-1,2,9,20,BYE,3,8,2,7,9,6,0,8,6.4,103,165
165,New York Giants,DST,NYG,4,9,-2,5,11,14,5,4,13,4,BYE,9,13,1,2,2,9,6.4,103,167
167,Gabe Davis,WR,BUF,1.6,6.6,8.1,8.6,5.8,0.7,1.1,0,13,0,BYE,13.9,12.8,7.9,1.8,3.3,16.7,6.4,101.9,168
168,DJ Chark Jr.,WR,CAR,8.5,8.4,-,21.5,1.6,4.5,2.6,-,20.6,5.6,4.1,-,4.1,1.6,5.3,12.2,-,7.7,100.6,169
169,Keelan Cole Sr.,WR,LV,10.7,11.8,4.3,4.6,8.7,14.3,1.2,-,0.6,16.7,2.6,4.4,0.7,12.7,2.2,2.6,2.3,6.3,100.4,170
170,Chris Boswell,K,PIT,9,6,8,BYE,9,8,9,4,9,14,11,7,-,1,5,-,-,7.7,100,170
170,Randy Bullock,K,FA,10,13,12,17,3,12,10,7,-,4,5,6,1,-,-,-,-,8.3,100,172
172,Jonnu Smith,TE,ATL,9.6,20.4,6.1,-,16,1.3,0.9,2.9,9.2,7.5,8,0,-,2.3,5.2,9,0.8,6.6,99.2,173
173,Laviska Shenault Jr.,WR,CAR,10.7,7.2,3.4,9.1,7.9,1.1,4.4,-,-0.1,-,-,3.7,12.8,5.1,4.4,10.8,18.6,7.1,99.1,174
174,Carolina Panthers,DST,CAR,-1,3,11,3,5,2,3,4,3,1,17,19,BYE,2,5,21,1,6.2,99,175
175,Christian Kirk,WR,JAC,0,6,-,7.9,7.8,20.6,15.7,BYE,18.3,2.7,5,1.9,0.2,1.4,3.3,7.6,-,7,98.4,176
176,Zane Gonzalez,K,SF,8,13,7,3,7,8,16,-,7,16,3,6,4,-,-,-,-,8.2,98,177
177,Cleveland Browns,DST,CLE,0,4,14,5,13,1,7,3,BYE,6,20,0,5,2,8,6,3,6.1,97,178
178,Sterling Shepard,WR,NYG,4.7,3.5,-,-,-,-,11.9,7.4,5.7,4.7,BYE,6.8,4.2,3.5,4.8,13.7,25.6,8,96.5,179
179,Jamaal Williams,RB,NO,4.2,8.3,1.7,10.5,-,3.4,17.4,12.2,-,5.5,7.6,13.3,3.6,3.8,2,-,2.6,6.9,96.1,180
180,Leonard Fournette,RB,FA,1.9,23.6,2.2,-,0,-,9.7,7.1,4.1,3,8.6,2,-,-,18.5,12.6,2.7,7.4,96,181
181,Julio Jones,WR,FA,15.7,2.4,-,3.2,-,25.7,9.7,13.7,11.4,-,3.9,-,9.4,-,-,-,-,10.6,95.1,182
182,Green Bay Packers,DST,GB,5,12,3,5,BYE,-1,6,0,6,6,4,15,10,4,6,7,6,5.9,94,183
183,Jimmy Graham,TE,FA,8.5,1.8,18,3.3,9.3,3.4,3.1,1.3,11.5,0,-,3.2,0,8.3,2.5,18.9,0.5,5.9,93.6,184
184,Jerick McKinnon,RB,KC,10.4,13.7,13.7,15.7,0.5,2.8,-0.1,9.9,12.8,4.6,-,3.2,0,0,2.2,3.2,0.6,5.8,93.2,185
185,Hayden Hurst,TE,CAR,3.8,13.2,6.1,5.1,0.8,11.7,6.8,5.4,6.2,-,0,4.8,0.9,0.7,8.1,10.7,8.8,5.8,93.1,186
186,Zach Pascal,WR,ARI,1.8,7.9,3.4,5.8,1.5,11.4,-,4.4,5.5,3.3,5.4,2.3,1.1,2.7,19.9,12.4,4.1,5.8,92.9,187
187,Tony Pollard,RB,DAL,3.2,0.9,-0.5,9.2,3.2,4,2.2,6.4,5.8,BYE,12,2.2,2.8,10.8,25.2,2,3.4,5.8,92.8,188
188,Chicago Bears,DST,CHI,3,12,4,2,6,11,11,1,4,12,BYE,-4,3,17,5,6,-1,5.8,92,189
189,Darnell Mooney,WR,CHI,3.8,9.6,1.9,4.9,1.5,3.6,4,12.9,4.3,0.3,BYE,5.4,4.3,8.7,12.5,4.1,9.3,5.7,91.1,190
190,Darius Slayton,WR,NYG,22.2,3.3,3.3,4.8,12.9,9.8,2.3,5.6,0.8,9.3,BYE,0,1.4,3.1,7.4,2.6,2.2,5.7,91,191
191,Cam Akers,RB,LAR,4.3,1.3,-,-,6.1,0,-,5.4,BYE,3.8,7.9,14.4,15.4,19.4,6.2,-,6.6,7.6,90.8,192
192,Jared Cook,TE,FA,8,7.3,2.1,-,11.2,-,9.2,11.1,1,0,0.6,0,8.8,9.7,2.9,8.2,10.3,6,90.4,193
193,San Francisco 49ers,DST,SF,4,5,12,6,-2,5,17,-2,0,7,BYE,17,2,8,-2,11,2,5.6,90,193
193,Dan Bailey,K,FA,4,3,7,7,11,1,-,4,4,8,4,10,8,0,9,3,7,5.6,90,195
195,Zack Moss,RB,IND,8.7,3.7,-,-,-,1,7.2,20.1,10.8,1.7,-,6.8,1.4,4.3,8.1,11.7,2.1,6.7,87.6,196
196,Noah Fant,TE,SEA,14.1,13.7,4.6,3.5,-,BYE,3.8,4.7,4.5,1.8,5.5,1.3,5.7,0,12.8,6.5,4.8,5.8,87.3,197
197,Mecole Hardman Jr.,WR,NYJ,0.6,5.3,14.1,8.7,5,0,7,15.6,4.8,BYE,1.6,2.3,1.5,8,7.7,4.4,0.5,5.4,87.1,198
198,Damien Harris,RB,BUF,-,-,-,10,-,3.3,7,16.2,7.1,12.1,11.4,4.7,9.5,5,-,-,-,8.6,86.3,199
199,Malcolm Brown,RB,FA,23,4.7,1.9,5.7,2.4,2.2,11.7,5.7,-,17.1,2.8,-0.1,2.7,0,1,3.5,1.8,5.4,86.1,200
200,Eric Ebron,TE,FA,1.8,4.3,11.2,-,2.3,0.9,5,10.8,8.2,3.8,9.6,5.4,6.8,5,0,10.7,-,5.7,85.8,201
201,Hunter Henry,TE,NE,7.3,8.3,5,3.9,8.3,-,2.3,3.3,3.3,9,10.8,6.7,0.5,4.1,12.5,-,-,6.1,85.3,202
202,Tyler Higbee,TE,LAR,4,23.4,6,2,1.2,5.6,-,1.4,BYE,6,2,0.6,8.4,3.4,12.7,3.4,4.1,5.6,84.2,202
202,Frank Gore,RB,FA,2.4,6.3,6.2,3.6,3,7,6,3,5.9,-,13.1,8.6,0.2,1.1,12.5,5.3,-,5.6,84.2,204
204,Rashard Higgins,WR,FA,0.9,0,-,-,9.1,7.3,11,1.4,-,4.8,6.5,1.5,15.5,12.8,7.6,-,5.5,6.5,83.9,205
205,David Moore,WR,TB,4,10.8,0.2,15.5,0,-,5.8,10.6,13.1,1.8,0.5,5.5,0.6,8.9,1.5,4.5,0.5,5.2,83.8,206
206,Raheem Mostert,RB,MIA,21.1,16.7,-,-,11.9,7.6,BYE,-,-,-,-,8.3,4.3,7,6.8,-,-,10.5,83.7,207
207,Jakobi Meyers,WR,LV,0,0.7,0,-,-,BYE,6.2,7.8,16.9,10.9,3.8,5.2,1.5,4.7,9.1,4.5,12.3,6,83.5,207
207,Dalton Schultz,TE,HOU,1.1,12.8,4.8,13.2,0.6,3.5,2.2,5.3,4.8,-,8.5,2.4,4.4,3.4,7.4,2.1,7,5.2,83.5,209
209,Rex Burkhead,RB,FA,3.2,4.9,27.8,5,-,1.4,4.7,3.1,12.7,18.6,1.2,-,-,-,-,-,-,8.3,82.6,210
210,Kendrick Bourne,WR,NE,3.4,6.7,6.3,3.3,9,4.4,0,8.1,-,2.6,-,3.4,3.5,6.2,14.6,1.6,7.6,5.4,80.7,211
211,Greg Ward,WR,PHI,3.1,0.5,12.6,3.8,8.6,3.9,10.2,1.2,BYE,3.9,0.9,0.3,11.7,2,13.5,2.7,1.2,5,80.1,212
212,Alex Smith,QB,FA,-,-,-,-,1.6,-,-,-,14,16,9.3,9.1,15.8,1.3,-,-,12.5,9.9,79.6,213
213,Joe Mixon,RB,CIN,5.1,8.6,6.5,36.1,9.4,12.9,-,-,BYE,-,-,-,-,-,-,-,-,13.1,78.6,214
214,Dallas Cowboys,DST,DAL,4,-3,0,-2,9,-3,2,13,2,BYE,5,1,1,18,15,10,6,4.9,78,214
214,Evan Engram,TE,JAC,0.9,6.5,2.2,3.5,8.5,3,4.9,7,10.8,1.5,-,10.9,3.2,1.8,4.6,7,1.7,4.9,78,216
216,Travis Fulgham,WR,FA,-,-,-,11.7,21.2,13.5,7.3,13.8,-,0.8,0.8,1.6,0,0,3,2.7,1.5,6,77.9,217
217,George Kittle,TE,SF,5.3,-,-,25.1,4.4,16.9,5.5,3.9,-,-,BYE,-,-,-,-,9.2,6.8,9.6,77.1,218
218,Denver Broncos,DST,DEN,4,5,3,6,BYE,14,2,5,3,-4,12,4,1,10,-1,3,10,4.8,77,219
219,Los Angeles Chargers,DST,LAC,11,3,4,4,3,BYE,7,3,2,1,8,9,-3,9,3,7,5,4.8,76,220
220,Hunter Renfrow,WR,LV,2.1,3.7,14.4,5.7,4.2,BYE,4.2,8.6,6,3,3.7,7.3,4.7,1.8,0.4,3.4,2.4,4.7,75.6,221
221,Dwayne Haskins,QB,FA,12.8,11.7,12.2,18.9,-,-,-,-,-,-,-,-,-,0.8,16.6,2.2,-,10.7,75.2,222
222,Jake Elliott,K,PHI,5,7,14,5,3,0,4,1,BYE,4,6,4,6,7,2,5,2,4.7,75,223
223,Alexander Mattison,RB,MIN,8,1.6,2.7,7.7,13.6,3,BYE,0.8,6.9,0.4,0.6,0.6,-,-,1.5,-,26.5,5.7,73.9,224
224,Christian McCaffrey,RB,SF,25.5,20.8,-,-,-,-,-,-,27.1,-,BYE,-,-,-,-,-,-,24.5,73.4,225
225,Josh Reynolds,WR,DET,1.7,3.3,4,2.5,4.6,10.5,11.2,4.4,-,9.4,3.2,4,2.1,0.6,0.9,7,2.9,4.5,72.3,226
226,Antonio Brown,WR,FA,-,-,-,-,-,-,-,-,3.1,6.6,5.8,1.1,-,4.9,15.3,9.5,25.8,9,72.1,227
227,Atlanta Falcons,DST,ATL,-1,3,5,0,0,7,2,6,3,BYE,5,28,4,4,2,5,-1,4.5,72,228
228,Boston Scott,RB,PHI,5.4,4.3,0.5,0.1,0.3,0.9,15.2,7.9,BYE,13.4,5,4.7,0.9,1.7,0.7,1.7,7.9,4.4,70.6,229
229,Brian Hill,RB,FA,2,2.5,14,2.3,5.4,1.4,3,6.4,2.4,-,1.8,5.5,1.8,1.5,0.7,6.1,13.6,4.4,70.4,229
229,Dallas Goedert,TE,PHI,16.1,3,0.7,-,-,-,-,1.5,BYE,3.3,13.7,13.5,6.6,4.3,3.9,3.8,-,6.4,70.4,231
231,Isaiah McKenzie,WR,IND,1.7,4.7,1,2.9,6.7,0.4,0.3,0,8.6,4.7,-,-0.1,9.1,1.2,0.8,3.1,24.5,4.3,69.6,232
232,Scott Miller,WR,ATL,7.9,1.2,8.3,14.3,0,0.6,16.9,4.2,1,0.4,0,0,-,10.8,2,0.7,1.2,4.3,69.5,233
233,Jimmy Garoppolo,QB,LV,19.3,13.2,-,-,1.1,23.5,9.5,2.8,-,-,-,-,-,-,-,-,-,11.6,69.3,234
234,James Washington,WR,NO,9.4,2.2,3.6,-,2.5,12.8,0,0,7.7,3,1.2,1.9,14,8.9,0,2,0,4.3,69.2,235
235,Tre'Quan Smith,WR,NO,0.4,8.6,4.2,17.4,0.8,BYE,5.4,4.3,7.4,0,0,1.6,10.5,6,2.5,-,-,4.9,69.1,235
235,Breshad Perriman,WR,IND,1.7,1.2,-,-,-,6.2,2.7,-,22.1,-,11.4,7.9,2.2,2.6,2.1,0.6,8.4,5.8,69.1,235
235,Jalen Guyton,WR,LAC,1.6,7.4,2.3,13.2,4.5,BYE,14.4,0.3,0.9,2.4,0.4,3.3,3.8,0.8,9.5,4.3,0,4.3,69.1,238
238,Carlos Hyde,RB,FA,8.3,3.7,2.3,-,-,-,13.6,-,-,-,15.5,2.9,1.1,6.6,12.3,2.6,-,6.9,68.9,239
239,Devontae Booker,RB,FA,5.2,0.5,3.1,0,6.7,-,1.4,4.6,12.8,20.3,1.9,0.5,5.1,1.9,1.2,1.9,1.6,4.3,68.7,240
240,Irv Smith Jr.,TE,CIN,1.1,0.3,0,0,6.4,7.5,-,1.6,13,-,2.3,-,-,12.3,3.7,17.3,3,5.3,68.5,241
241,Sony Michel,RB,FA,9.7,1.9,14,-,-,-,-,-,-,-,-,0,5.8,2.2,8.2,6.9,19.6,7.6,68.3,242
242,Damiere Byrd,WR,CAR,0,7.2,2.7,8,-,3.8,1.6,3.9,6.5,0,20.3,3.3,1.6,4.8,2.4,0.7,1.1,4.2,67.9,243
243,James White,RB,FA,5.2,-,-,5.9,-,7.3,0.3,3.5,2.4,0.8,8.3,13.7,0.1,1.8,5.5,3.7,9.1,4.8,67.6,244
244,Austin Hooper,TE,LV,1.5,2.2,2.5,9.4,5.7,5.2,-,-,-,1.1,3.3,7.3,2.4,-,10.1,7.1,9.7,5.2,67.5,245
245,New York Jets,DST,NYJ,7,4,0,8,2,6,5,-4,-1,BYE,8,9,5,-1,8,9,2,4.2,67,246
246,Matt Gay,K,IND,-,-,-,-,-,-,BYE,-,-,-,10,10,8,6,10,12,10,9.4,66,246
246,Tennessee Titans,DST,TEN,3,5,7,BYE,8,-2,6,-1,14,0,3,10,-2,8,6,-1,2,4.1,66,248
248,Dan Arnold,TE,PHI,2.1,2.6,1.1,3.9,0,0,5.7,-,1.6,3.4,6.4,1.7,18.1,8.7,5.4,0.5,4.6,4.1,65.8,249
249,Mike Glennon,QB,FA,-,-,-,-,-,-,-,-,-,-,-,18,14.1,2.4,-,14.4,16.6,13.1,65.6,250
250,Kalen Ballage,RB,FA,-,1.7,5.2,1.1,-,-,-,-,14.4,10.2,7.1,-,3.9,2,7.1,2.6,9.6,5.9,64.9,250
250,Benny Snell Jr.,RB,FA,11.3,-1.9,1.1,-,1.9,8.1,6.2,0,0.1,1.2,7.5,9.3,1,1.4,16.7,0,1,4.1,64.9,252
252,Allen Lazard,WR,NYJ,14.2,4.5,20.4,-,-,-,-,-,-,BYE,1.8,8.3,5,1.9,5.6,1.4,1.7,6.5,64.8,253
253,A.J. Green,WR,FA,5.1,2.9,3.6,0.3,0,9.6,8.2,1.9,-,0,10.1,0,0,12.2,4,6.4,0,4,64.3,254
254,Odell Beckham Jr.,WR,BAL,2.2,13.4,5.9,33.4,6.4,2.5,0,-,-,-,-,-,-,-,-,-,-,9.1,63.8,254
254,John Brown,WR,FA,13,14.2,0,4.2,-,0,-,2.1,9.9,7.2,-,-,-,-,-,-,13.2,7.1,63.8,256
256,Demarcus Robinson,WR,FA,2,2.8,0,-,0.2,6.9,0.4,12.3,7.4,-,4.4,3.6,3.9,1.3,2.7,8.9,5.8,4.2,62.6,256
256,Kyle Juszczyk,RB,SF,4.8,0.6,0.7,1.3,7.1,0.8,9.6,2.1,0.4,0.5,BYE,3.2,7.1,7.8,2.9,13.3,0.4,3.9,62.6,258
258,Randall Cobb,WR,NYJ,2.3,5.9,15.5,3.6,4.7,7.7,9.5,-,2.1,4.1,6.7,-,-,-,-,-,-,6.2,62.1,259
259,Willie Snead IV,WR,SF,12.4,2.9,0.4,2,0,3.2,-,10.6,3.7,18.4,2.3,-,-,2.9,0,2.4,-,4.7,61.2,260
260,Danny Amendola,WR,FA,8.1,2.1,1.8,5.7,-,3.1,6.2,5.4,7.9,1,-,-,6.2,6.6,2,3.7,0.6,4.3,60.4,261
261,Braxton Berrios,WR,MIA,0,11.9,12.4,0,1.3,1.8,3.5,3.4,1.3,-,0,0,3.3,4.9,0.9,12,3.6,3.8,60.3,262
262,KJ Hamler,WR,DEN,-,5.7,2.8,0,BYE,-,3.4,7.3,9,5,3.5,-0.8,2.9,20.6,0.4,0.3,-,4.6,60.1,263
263,Minnesota Vikings,DST,MIN,-4,3,3,5,6,0,BYE,3,9,10,4,5,13,0,2,0,1,3.8,60,264
264,Anthony Miller,WR,PIT,13.6,0,11,1.6,2.8,0.8,2,7.3,3.9,2.8,-,2.8,5.9,1.6,1.3,1,1.3,3.7,59.7,265
265,Tyron Johnson,WR,DAL,-,-,-,11.3,0.7,-,1,-,5,0,5.4,6.3,0.1,11.5,12.1,2.6,3.5,5,59.5,266
266,Phillip Lindsay,RB,FA,3.5,-,-,-,-,10.1,7.9,14.6,2.3,0.2,8.2,2,2.6,3.1,4.5,-,-,5.4,59,267
267,Michael Pittman Jr.,WR,IND,1,3.7,2.6,-,-,-,BYE,0.6,5.6,12.2,12.6,2.8,4.6,4.5,1.9,3.8,3,4.5,58.9,268
268,Le'Veon Bell,RB,FA,4.6,-,-,-,6.7,-,3.9,3.8,0.3,-,9.6,3.2,5.5,3.5,13.6,3.9,-,5.3,58.6,269
269,Joshua Kelley,RB,LAC,12,11.3,3.2,1.3,3.8,BYE,5.3,2.5,5.9,2.1,0.2,9.5,0.3,-,0.8,-,0,4.2,58.2,270
270,Henry Ruggs III,WR,FA,6.6,0.4,-,-,17.8,-,4.5,0.9,1,3.1,1.7,5.4,12.4,1.8,-,0.7,1.8,4.5,58.1,271
271,Salvon Ahmed,RB,MIA,-,-,-,-,-,-,BYE,-,3.8,15,7.4,-,-,-,20.7,0.3,10.8,9.7,58,272
272,Joe Flacco,QB,FA,-,-,-,0.6,13.8,6.4,-,-,21.5,-,15.4,-,-,-,-,-,-,11.6,57.8,273
273,Chris Conley,WR,SF,0.6,4.8,3.4,4.4,5.8,0.6,8.8,-,5.2,4.3,1.3,-,-0.8,0,7.3,2.7,8.7,3.8,57.1,274
274,Preston Williams,WR,FA,4.1,4.6,6.7,3.5,16.6,7.8,-,1.5,12,-,-,-,-,-,-,-,-,7.1,56.8,275
275,Duke Johnson Jr.,RB,FA,1.4,-,-,4.5,1.9,1.1,4.2,-,11.3,5.4,3.5,14,3.2,5.9,-,-,-,5.1,56.4,276
276,Jalen Reagor,WR,MIN,5.5,4.1,-,-,-,-,BYE,10.2,-,4.7,5.2,1.1,10.5,6.5,3.9,3,1.5,5.1,56.2,277
277,Trey Burton,TE,FA,-,-,-,1.6,3.3,17.9,-,7.1,0.6,2.4,8.5,10.2,1.1,0,0.8,1.8,0,4.3,55.3,278
278,Darren Fells,TE,FA,1.9,8.3,0,2.1,11.7,14.5,0,-,2.6,1.5,2.9,0,0,1.5,0,8.2,0,3.5,55.2,279
279,Sam Sloman,K,FA,8,7,6,5,6,5,6,-,-,-,-,-,-,-,-,-,12,6.9,55,280
280,Samaje Perine,RB,DEN,0,0,0,0,0,0,0.6,9.4,-,5.5,2.1,0.2,0.7,4.1,1.4,25.6,5.1,3.4,54.7,281
281,Cam Sims,WR,LV,0,0,0,1.7,0,8.2,2.2,-,11,5.4,2,0,9.2,1.3,2.6,6.3,4.3,3.4,54.2,282
282,Keke Coutee,WR,FA,-,-0.9,-,-,-,-,-,-,-,-,7,3.7,14.1,6.4,9.3,5.4,9,6.8,54,282
282,Sam Ficken,K,FA,5,8,1,18,4,0,-,-,-,-,2,-,-,-,11,5,-,6,54,282
282,Jacksonville Jaguars,DST,JAC,6,0,0,2,4,1,5,BYE,4,11,2,4,14,2,-1,-1,1,3.4,54,285
285,Brandon Allen,QB,SF,-,-,-,-,-,-,-,-,-,-,BYE,7.1,9.4,13.9,-,23.1,0.1,10.7,53.7,286
286,Kerryon Johnson,RB,FA,1.4,9.2,3,1.2,-,2,0,7.5,6.5,0.3,3.8,7.8,1.1,7.3,0,1.7,0,3.3,52.8,287
287,C.J. Beathard,QB,JAC,-,-,-,5.5,5.8,-,-,BYE,-,0,-,-,-,-,8,19.1,13.9,8.7,52.3,288
288,Gerald Everett,TE,LAC,0.7,0,3.4,5.2,9,2.7,8.8,3.2,-,2.7,2.7,1.6,4.4,0.9,2.8,1.3,2.5,3.2,51.9,289
289,Golden Tate,WR,FA,-,4.7,3.6,2,4.2,1.1,9.9,9.8,-,4.4,-,3.6,3,3.9,1.3,-,-,4.3,51.5,290
290,Sammy Watkins,WR,FA,14.5,1.1,6.2,2.3,8.4,-,-,-,-,-,-,3.8,3.5,5.2,6,0.4,-,5.1,51.4,291
291,Jakeem Grant Sr.,WR,CLE,2.5,0.2,4.8,3.6,-0.6,4.8,-,7.5,3.5,10.3,1.5,1.5,4.2,3.2,-,4.3,-,3.7,51.3,292
292,Peyton Barber,RB,FA,14.9,0.1,0.6,0.5,0,1,3.4,-,0,1.4,2.8,5.7,8.3,3.8,6.5,1,1,3.2,51,293
293,Miles Boykin,WR,PIT,3.7,3.8,0.8,2.8,0,1.1,-,8,1.1,0,0,0,9.8,1.5,6.4,1.3,10.3,3.2,50.6,294
294,Mo Alie-Cox,TE,IND,2,11.1,11,7.3,0,-,BYE,3.7,4.3,1.9,-0.4,1.9,2.3,0.9,1.4,2,0,3.3,49.4,295
295,Jordan Wilkins,RB,FA,0,4,4.5,3.1,0.1,-0.1,-,19.3,3.8,2.8,3.6,5.7,1.8,0.7,0,0,-,3.3,49.3,296
296,Cordarrelle Patterson,RB,ATL,3.1,3.3,1.3,0.5,4.5,0.9,1.2,0.5,4,10.9,-,0.8,12.3,2.6,0.7,0,1.8,3,48.4,297
297,Deebo Samuel,WR,SF,-,-,-,4.5,2.2,12,7.2,-,-,-,BYE,13.3,7.6,0.9,-,-,-,6.8,47.7,298
298,Ty Johnson,RB,FA,0,0,-,-,-,4.2,0,2.1,0,-,1.7,0.4,17.7,1.6,11.5,1.3,6.8,3.6,47.3,299
299,Jordan Reed,TE,FA,1.2,17,2.3,-,-,-,-,-,0.3,6.2,-,1.8,9.2,1.3,7.8,0,-,4.7,47.1,300
300,Quintez Cephus,WR,DET,4.3,5.4,0,0,BYE,-,-,-,3.1,1,0.9,2.7,12.3,1.6,3.6,0.9,11.1,3.6,46.9,300
300,Tyler Eifert,TE,FA,0.8,9.6,1.1,2.2,1.6,0,-,-,4.8,1.5,3.2,7.6,4.5,2.2,5.1,1.7,1,3.1,46.9,300
300,Mark Ingram II,RB,FA,2.9,13.7,3,9.7,5.7,2,-,-,-,2.9,0.2,-,2.9,0,-,-,3.9,4.3,46.9,300
300,Larry Fitzgerald,WR,FA,3.4,5,0,0.4,3.5,2.2,6.2,-,5.4,1.3,6.2,-,-,1,9.5,2.8,-,3.6,46.9,304
304,Jordan Akins,TE,CLE,9.9,5.5,2.8,4.6,-,-,-,-,1.9,0.5,8.3,0.4,1,2,5,3.9,0.9,3.6,46.7,305
305,Richard Rodgers,TE,FA,0,0,1.5,3.5,1.8,3.1,8.5,0,-,6,10.8,11.3,0,0,0,-,-,3.3,46.5,306
306,Justin Jackson,RB,FA,0.4,-,-,2.1,9.4,-,5.5,14.2,0,-,-,-,-,1.9,-,0.4,12.4,5.1,46.3,307
307,Kyle Allen,QB,BUF,-,-,-,-,9.7,17,16.9,-,2.5,-,BYE,-,-,-,-,-,-,11.5,46,308
308,Kenny Golladay,WR,FA,-,-,11.7,12.2,-,10.5,11.4,0,-,-,-,-,-,-,-,-,-,9.2,45.8,309
309,Cincinnati Bengals,DST,CIN,3,-2,7,5,3,4,-2,4,BYE,-4,5,9,3,2,8,2,-2,2.8,45,309
309,Houston Texans,DST,HOU,0,4,1,2,9,4,-2,BYE,4,5,3,16,3,-1,1,-4,0,2.8,45,311
311,Anthony Firkser,TE,NE,0.5,4.5,0,-,1.9,17.3,0.7,3.6,1.9,0.5,3.3,0,5.1,0.5,2,1.1,1.8,2.8,44.7,312
312,Donovan Peoples-Jones,WR,CLE,-,-,-,0,0,0,11.6,0,BYE,1.6,0,0,15.2,9.4,5.5,-,1.1,3.7,44.4,313
313,Michael Thomas,WR,NO,1.7,-,-,-,-,BYE,-,-,5.1,2.7,10.4,5.1,10.5,8.4,-,-,-,6.3,43.9,314
314,Las Vegas Raiders,DST,LV,0,2,3,0,4,BYE,-4,9,4,16,-2,-1,8,-4,0,3,5,2.7,43,315
315,Dawson Knox,TE,BUF,2.6,1.6,-,1.6,1.5,-,-,-,0,1.6,BYE,6.2,8.7,1.4,9.6,5.1,2.9,3.6,42.8,316
316,Chris Herndon IV,TE,FA,1.7,0.5,2.1,1.1,2.4,0,0,-1.7,0,-,9.2,0,0,0.9,4.8,9.4,12.3,2.7,42.7,317
317,Marvin Hall,WR,FA,2.6,8.4,0,0,-,0.7,0,11.3,2.8,12.1,1.6,1.6,-,-,-,1.2,-,3.5,42.3,318
318,La'Mical Perine,RB,KC,-,1.7,2.3,1.5,0,3.6,11.6,3.3,3.8,BYE,9.3,-,-,-,-,4.4,-,4.2,41.5,318
318,Zach Ertz,TE,ARI,7.8,4.2,7,2.9,0.6,3.3,-,BYE,-,-,-,-,3.1,0.8,6.9,3.3,1.6,3.8,41.5,320
320,Richie James Jr.,WR,KC,0,-,-,-,-,0,0,-,24.4,0.6,-,2.9,0,3.3,3.6,0,6.6,3.8,41.4,321
321,Collin Johnson,WR,NYG,1.4,0,0.3,0,9,0,1.3,-,0.9,0,0,15.6,8.6,3.3,0.8,-,-,2.9,41.2,322
322,Jack Doyle,TE,FA,4.9,-,0,1.2,0,6.9,-,7.8,0,-,6.6,0,1.2,4.4,1.4,5,1.7,2.9,41.1,323
323,Jacob Hollister,TE,FA,0.9,0,8.1,0,0,-,2.2,0.6,6,0.6,1.4,1.1,2,2,7.7,7.7,0.6,2.6,40.9,323
323,N'Keal Harry,WR,FA,1.9,7.2,3.6,8.1,-,0,0.6,-,-,0,4.1,-0.2,7.5,4.9,1.2,0.3,1.7,2.9,40.9,325
325,Ito Smith,RB,FA,0.6,2,0,2.7,0.6,2.5,0,-,-,-,0.5,13.5,3.4,4.5,3.3,5.1,1.6,2.9,40.3,326
326,Cameron Brate,TE,FA,0,0,0,6.3,4.4,0.3,0.8,3.5,0,9.1,2.3,3.4,-,0.9,5.4,2.7,1.1,2.5,40.2,327
327,DeeJay Dallas,RB,SEA,-,-,0,2.3,0,BYE,1.8,17.8,9.9,3.1,3.2,0,1.1,0.7,0,-,-,3.3,39.9,328
328,DaeSean Hamilton,WR,FA,1.8,0.5,0,0.9,-,0,2.6,14.2,1.2,7.3,0,0,0,1.3,0,7.7,1.8,2.5,39.3,329
329,Aldrick Rosas,K,FA,-,-,-,15,-,-,-,-,-,-,-,9,-,6,2,5,2,6.5,39,330
330,Drew Sample,TE,CIN,0.7,4.5,0.1,4.7,2.2,0,5.2,0,BYE,0.9,2.9,2,4.9,2.1,0.4,6.8,1.5,2.4,38.9,331
331,AJ Dillon,RB,GB,1.4,1.7,0,0.3,BYE,3.1,1.1,3.7,-,-,-,-,-,0,1.8,24.9,0.3,3.5,38.3,332
332,Dion Lewis,RB,FA,0.1,11.6,1,1.8,0.1,1,0.3,6.8,2.1,1.7,-,1.7,0.6,5.4,1.8,1.5,0.7,2.4,38.2,333
333,Harrison Bryant,TE,CLE,0.5,1.4,6.3,3.7,0,1.1,17.6,0.5,BYE,0,0,-0.7,0,1.8,1.9,3.7,-,2.5,37.8,334
334,Alfred Morris,RB,FA,-,-,-,-,-,-,-,2.8,7.1,3.4,-,0.8,16.5,0.7,3.9,1.3,1.2,4.2,37.7,334
334,Denzel Mims,WR,NYJ,-,-,-,-,-,-,4.2,4.2,6.2,BYE,7.1,6.7,6,-,1.8,0,1.5,4.2,37.7,336
336,Kyle Rudolph,TE,FA,2.8,0,7.1,2.7,1,4.7,-,1.2,4,4.3,2.8,6.8,0,-,-,-,-,3.1,37.4,337
337,Will Dissly,TE,SEA,0.8,0.9,0.5,1.5,7.9,BYE,3.8,1.7,2.6,1.6,1,0,2.8,8.3,0,1.7,2,2.3,37.1,338
338,Darrel Williams,RB,FA,3,1.2,0.7,0.2,3.9,10.1,0,2.6,0.3,-,2.2,0,4.3,0,0.5,7.3,0.2,2.3,36.5,339
339,Julian Edelman,WR,FA,8,17.9,2.2,3.5,-,2.3,1.3,-,-,-,-,-,-,-,-,-,-,5.9,35.2,340
340,Detroit Lions,DST,DET,1,-3,7,0,BYE,6,4,0,4,4,6,0,5,-1,-1,4,-1,2.2,35,341
341,Adam Humphries,WR,FA,4.7,10.8,4.1,-,-,12.4,1.9,0,-,-,-,-,0.9,-,-,-,-,5,34.8,342
342,Cedrick Wilson Jr.,WR,MIA,0,0,22.7,3.4,6.6,1,0,-1.1,0.6,-,0.7,-0.1,0,0,0.5,0,0.3,2.2,34.6,343
343,Jake Luton,QB,FA,-,-,-,-,-,-,-,-,22.5,9.8,2,-,-,-,-,-,-,11.4,34.3,344
344,Cole Kmet,TE,CHI,0,1.2,0,0,0,8,4.5,0.2,0,0.7,BYE,0.8,9.7,4.1,1.2,1.5,2.1,2.1,34,345
345,Donald Parham Jr.,TE,LAC,-,-,-,7.9,0,BYE,8.2,0,0,1.3,0,0,2.1,0,0,4.7,9.7,2.6,33.9,346
346,Andy Isabella,WR,BAL,0,6.7,16.1,0.3,3,0,0.7,-,1,1.4,0.6,3.3,0.7,-,-,-,0,2.6,33.8,347
347,Olamide Zaccheaus,WR,PHI,0,1,4.1,8.6,1.3,0,0,0,16.3,-,1,1.1,-,-,-,-,-,3,33.4,348
348,David Njoku,TE,CLE,11,-,-,-,0.6,0.7,8,1.9,BYE,0,0,0,0.5,4.5,2.2,2.6,1.3,2.6,33.3,349
349,Devin Duvernay,WR,BAL,1.2,1.9,6.7,0.4,5.9,3.1,BYE,3.9,-0.1,4.5,0.5,2,0.2,0,0,0.7,2.2,2.1,33.1,350
350,Adam Shaheen,TE,FA,0,0.4,0,0,6.3,11.1,-,0,0,1.9,0,6.7,0,2.6,1.5,0.3,2.2,2.1,33,350
350,Matt Breida,RB,NYG,2.2,3.9,0.4,4.8,5.9,2.2,-,1.3,-,-,0.4,3.3,-,-,8.6,0,0,2.8,33,352
352,Durham Smythe,TE,MIA,0,0,0.7,3,-,6.4,BYE,1.6,1.9,6.9,0,1.9,1.6,1.9,4,0.6,2.3,2.2,32.8,353
353,Jalen Richard,RB,FA,1.5,8.6,2.2,1.6,3,-,2.4,1.8,2.2,0,-,-,1.7,4.1,0.7,2.3,-,2.5,32.1,354
354,Jeff Driskel,QB,ARI,-,19.7,11.4,0.9,-,-,-,BYE,-,-,-,-,-,-,-,-,-,10.7,32.1,355
355,Jeremy McNichols,RB,FA,0,0.7,0.5,-,3.1,6.2,0.2,4.9,1,3.4,0.2,2,7.7,0.9,0.5,0.6,0,2,31.9,356
356,DeSean Jackson,WR,FA,4.6,6.4,1.1,-,-,-,4.6,-,-,-,-,-,-,-,-,14.1,-,6.2,30.8,357
357,Josh Adams,RB,FA,8.2,0,-,-,-,-,-,-,-,-,-,0.1,7.4,3,0,0,11.9,3.8,30.6,358
358,Ross Dwelley,TE,SF,0,0.5,4.9,0,0,0,0,7.6,5.2,2.2,BYE,0.3,2.9,2,2.8,0,2.1,1.9,30.5,359
359,Steven Sims Jr.,WR,HOU,5,3.3,0,-,-,-,-,BYE,0.4,4.6,7.3,0.8,1.7,0.5,1.1,3.2,2.4,2.5,30.3,360
360,Chad Beebe,WR,FA,-,-,0.7,0,1.1,1.3,-,1.6,0,1.6,0,10.3,1,0,2.1,0,10.4,2.2,30.1,361
361,Mike Nugent,K,FA,-,-,-,-,-,-,-,-,-,-,-,-,-,14,8,7,1,7.5,30,362
362,Tyler Kroft,TE,MIA,0,0,14.4,1.2,0,0.7,6.4,1.1,6.1,-,-,-,-,-,-,0,-,3,29.9,362
362,Greg Olsen,TE,FA,8.4,0,6.1,3.5,2,-,1.8,0,1.3,3.3,2,-,-,-,-,1.5,-,2.7,29.9,364
364,Jordan Howard,RB,FA,6.7,6.4,6.1,-0.1,-,-,-,-,7.9,-,-,-,1.9,-,-,0.8,-,4.2,29.7,365
365,Chad Hansen,WR,FA,-,-,-,-,-,-,-,-,-,-,-,-,10.1,5.6,11.5,0.8,1.6,5.9,29.6,366
366,Devonta Freeman,RB,FA,-,-,1,6.8,14.7,5.7,0.8,-,-,-,-,-,-,-,-,-,-,5.8,29,367
367,Tyler Johnson,WR,LAR,-,-,0,0,6.1,6.7,6.4,3.5,1.1,0,0,0,-,0,0,3.5,1.6,2.1,28.9,368
368,Marcedes Lewis,TE,FA,0,0.4,7.8,-,-,0,0.9,0,6.1,0,0.8,7.6,3.6,0.6,0,0,0.9,1.9,28.7,369
369,Pharaoh Brown,TE,IND,-,-,0,0,0.4,2.8,0,-,0,8.1,2.2,0,0,-,1.1,2.9,10.8,2.2,28.3,369
369,Dontrelle Inman,WR,FA,2.1,1.7,15.8,2.9,-0.2,4.5,0,-,-,-,-,1.5,0,-,-,-,0,2.8,28.3,371
371,Josh Lambo,K,FA,12,6,-,-,-,-,1,-,9,-,-,-,-,-,-,-,-,7,28,371
371,Byron Pringle,WR,FA,0,0,0,-,2.3,4.6,6,2.2,0,-,1.7,-,-,-,0,0,11.2,2.3,28,373
373,Freddie Swain,WR,MIA,1.7,8.1,1.3,3.2,1.4,-,0,0,0,3.7,0,0,0,8.2,0.3,0,0,1.7,27.9,373
373,Van Jefferson,WR,LAR,3.1,4.4,0,0,0,0.8,1.4,2.3,BYE,1.5,6.7,0,2.7,0,0,0,5,1.7,27.9,375
375,Deonte Harty,WR,BUF,2.6,3.4,0.5,2,-,-,10.6,1.7,4,0.4,2.5,-,-,-,-,-,-,3.1,27.7,376
376,Isaiah Ford,WR,FA,1.3,7.6,1.4,4.8,2.3,0,-,1,-,-,-,-,-,-,1.8,3.7,3.7,2.8,27.6,377
377,Rodney Smith,RB,FA,-,-,-,-,-,-,-,-,-,1.5,2.9,1.8,-,2.4,4.7,3.8,10.4,3.9,27.5,378
378,Mohamed Sanu Sr.,WR,FA,-,0,0.9,0,-,-,-,-,-,-,0,11.2,3.6,3.7,3.8,2.2,1.6,2.7,27,378
378,Austin Seibert,K,FA,0,-,-,-,-,-,-,-,-,-,-,-,-,1,9,14,3,5.4,27,380
380,Marcus Mariota,QB,PHI,-,-,-,-,-,-,-,-,BYE,-,-,-,-,-,26.8,-,-,26.8,26.8,381
381,O.J. Howard,TE,LV,9.6,1.1,4.9,11,-,BYE,-,-,-,-,-,-,-,-,-,-,-,6.7,26.6,382
382,James O'Shaughnessy,TE,FA,0,4,2.9,2.6,2,0,3.2,-,0.9,0,-,1.7,4.1,1.4,0.6,1.8,1,1.7,26.2,382
382,Darwin Thompson,RB,FA,0,2.1,-0.9,-,0,1.7,-,0.3,0,-,0,0,0,0,-,0,23,2,26.2,384
384,Foster Moreau,TE,NO,0,3.1,8.5,0.8,0,BYE,0,0,0,0,0,0,0,10.7,2.2,0,0.7,1.6,26,385
385,Lynn Bowden Jr.,WR,FA,-,-0.1,-,0.5,0.4,0,-,-,-,-,-,0,5.2,8.4,4.6,1.6,5,2.6,25.6,386
386,Marcus Johnson,WR,FA,-,-,-,2.7,5.3,10.8,-,3.9,1.4,0,1.4,0,0,0,0,-,-,2.3,25.5,387
387,Tyler Conklin,TE,NYJ,0,0,0,0,0,0,-,0,0,1.1,0,0.5,1,4,11.7,3.1,4,1.6,25.4,388
388,Bryan Edwards,WR,NO,0.9,4.2,4.8,-,-,BYE,-,-,0,1.6,0.1,1.5,0,0,0,1.1,11.1,2.1,25.3,389
389,Royce Freeman,RB,FA,1.2,2,3.5,1.2,-,3,1.7,0,0,2.6,0,5,0,0,0.4,2.3,2.2,1.6,25.1,390
390,Jesse James,TE,NO,0,0,8.8,3.1,-,0.3,0,2.3,0,0.9,0.3,1,6.9,0,1.1,0,0.2,1.6,24.9,391
391,JaMycal Hasty,RB,JAC,-,-,1.8,0,0,3.7,7.3,9.1,1.3,0.9,-,-,-,-,-,-,-,3,24.1,392
392,Travis Homer,RB,CHI,0.3,2.1,1.9,6.8,1.4,-,1,0.4,8,1.9,BYE,-,-,-,-,-,-,2.6,23.8,393
393,Chad Henne,QB,FA,-,-,-,-,-,-,6.3,0.7,-,-,-,-,-,-,-,-,16.7,7.9,23.7,394
394,Nick Boyle,TE,FA,0.3,1.1,6.5,0.9,0.2,9.3,-,0,4.6,0.4,-,-,-,-,-,-,-,2.6,23.3,395
395,Adam Trautman,TE,DEN,0,1.7,1.7,0,BYE,-,0,0,9.9,0,1.9,0.8,0.9,1.2,0,4.5,0.5,1.5,23.1,396
396,Chris Thompson,RB,FA,0.6,8.7,3.8,0,4.2,1.5,-,-,3.8,0,-,-,-,-,-,-,-,2.8,22.6,397
397,Zay Jones,WR,JAC,0,7.5,3.2,3.2,0.2,-,0,0,0,0.6,1.8,0.3,0,1.2,0.9,0,3.7,1.4,22.6,398
398,Ameer Abdullah,RB,LV,0,0,0,0,0,0.8,-,0,8.2,0,0,0,2.9,2.1,0,1.3,6.7,1.4,22,399
399,Mack Hollins,WR,ATL,0,0,0,0,0,0,-,0,7.1,0.1,0.9,1.9,0.7,6.6,1.8,4.2,-1.7,1.4,21.6,400
400,Marquez Callaway,WR,DEN,-,0,0,1.6,3.4,-,7.5,-,1.1,0,0,0,-,-,-,2.6,5.1,1.9,21.3,401
401,Ryan Finley,QB,FA,-,-,0,-,-,-,-,-,-,-,2.1,-,0.6,0.2,18.3,-,-,4.2,21.2,402
402,Matthew Wright,K,FA,-,-,-,-,-,-,-,-,-,-,-,-,5,-,-,4,12,7,21,403
403,Bisi Johnson,WR,FA,5.6,2.4,0,0,1.3,0,-,0,0,0,0.9,9.4,0,0,0,1.3,0,1.3,20.9,404
404,Jacoby Brissett,QB,WAS,0,-,0.7,-,-,-,-,BYE,0,6.2,0.9,12.3,0.1,-0.2,0.2,0.1,0.3,1.9,20.6,405
405,Gunner Olszewski,WR,PIT,-,-,-,1.1,-,0,0,0.6,1.5,0,0,0.1,15.8,0,0,0,1.4,1.6,20.5,405
405,Ian Thomas,TE,CAR,1.6,0,0.9,6.5,0,0.9,1.1,2.8,0.8,0.7,0,0.4,BYE,2,2.9,0,-0.1,1.3,20.5,407
407,Kenny Stills,WR,FA,0,1.6,3.5,9.9,1.4,0,3.4,-,0,0.6,0,-,-,-,-,-,-,2,20.4,408
408,Antonio Williams,RB,FA,-,-,-,-,-,-,-,-,-,-,-,-,-,-,-,-,20.3,20.3,20.3,409
409,Alex Collins,RB,FA,-,-,-,-,-,-,-,-,0.5,10.7,-,-,-,-,-,-,8.9,6.7,20.1,410
410,Chase McLaughlin,K,TB,-,-,-,-,-,-,-,-,-,10,4,-,4,-,-,-,2,5,20,411
411,Dare Ogunbowale,RB,HOU,-,0,0,0,0,0,0,BYE,0,0.5,0,-,0.7,1.2,2.5,7.8,7.2,1.4,19.9,412
412,Mason Rudolph,QB,PIT,-,-,-,BYE,-,-0.1,-,-,0.1,0,-0.4,-,-,-,-,-,19.7,3.9,19.4,413
413,Isaiah Wright,WR,FA,0,-,3,2.9,0.3,2.6,-,-,1,5.9,0.7,0,0.5,0.9,1.5,0,0,1.4,19.3,414
414,Colt McCoy,QB,ARI,-,-,-,-,-,-,-,BYE,-,-,-,1.9,9.4,-1.3,9.1,-,-,4.8,19.2,415
415,Jason Witten,TE,FA,0.2,0.3,0,7.8,0.6,-,0.6,2.1,0,0,6.1,0,0,0,0,1.2,0,1.2,18.9,416
416,John Hightower,WR,LAC,-0.2,0,1.9,2.2,3.8,5,5.9,0,-,0,0,0.1,0,-,-,-,0.1,1.4,18.8,417
417,Equanimeous St. Brown,WR,CHI,-,-,-,-,-,0,0,1.2,0,0,2.3,4.6,0.7,1.5,0,8.1,0,1.5,18.4,417
417,Kalif Raymond,WR,DET,0,0,11.5,-,2.6,3.2,0,1.1,0,0,0,0,0,0,-,0,0,1.2,18.4,419
419,Ke'Shawn Vaughn,RB,TB,-,0,-,8.6,-1.5,4.2,0,0,-,-,-,-,BYE,-0.3,0.4,6.9,0,1.8,18.3,420
420,Albert Okwuegbunam,TE,DEN,-,-,-,-,BYE,4.5,6,6.9,0.7,-,-,-,-,-,-,-,-,4.5,18.1,421
421,D'Ernest Johnson,RB,JAC,0.5,0,0,9.5,3.6,0.1,0.3,1.1,-,0,0,0,0.5,0,2.4,0,0,1.1,18,421
421,Cameron Batson,WR,FA,-,3.7,0,-,-,1.3,-,-,0.6,0.8,2.5,0.5,7.4,0,0,1.2,0,1.5,18,421
421,KhaDarel Hodge,WR,ATL,1.2,3.9,0,-,-,-,-,0,-,0,7.3,3.1,-,-,0,-,2.5,2,18,424
424,Ryan Izzo,TE,FA,2.5,1.9,0,0,-,1.8,0.8,2.4,0,2,5.9,0,0.6,-,-,-,-,1.5,17.9,425
425,Brandon Powell,WR,MIN,0,0,2.7,0,0,0,0.4,0,7.3,-,0.3,6.4,0.9,0.9,0.5,-1.8,-,1.2,17.6,426
426,Alshon Jeffery,WR,FA,-,-,-,-,-,-,-,-,-,0,0,1.5,0,7.5,6.3,2.2,-,2.5,17.5,426
426,C.J. Ham,RB,MIN,0,0.4,1.1,0.2,0,0,BYE,0.2,0,0.8,0,1,7.2,2.2,0,-,4.4,1.2,17.5,428
428,Jace Sternberger,TE,FA,0,0,3.6,0,-,0,6.3,4.6,0.1,0,2.3,0.5,0,-,-,-,-,1.5,17.4,428
428,Alec Ingold,RB,MIA,0,6.5,1.1,2.8,2.5,-,2.1,0.3,0.6,0,1.1,0,0.2,0,0.2,0,0,1.1,17.4,430
430,Mike Thomas,WR,BAL,1.7,9.1,0.9,0.5,-1.3,1,5.4,0,-,0,-,-,0,0,0,0,0,1.2,17.3,430
430,KeeSean Johnson,WR,BUF,-,-,2.4,-,0.5,-,-,-,-,-,BYE,0.7,2.7,0.9,3.8,5,1.3,2.2,17.3,432
432,MyCole Pruitt,TE,FA,6.1,0,1.6,-,-,-,0,0,0,-,-,-,8.2,0,1,0,0,1.5,16.9,432
432,Laquon Treadwell,WR,BAL,-,-,-,-,-,-,BYE,-,-,-,-,-,0,6.9,1.4,7.1,1.5,3.4,16.9,434
434,Anthony McFarland Jr.,RB,PIT,-,-,4.9,BYE,0.6,0.8,0.6,0.1,2.2,-,0.3,2.6,1.5,-,1.4,-,1.7,1.5,16.7,434
434,Trayveon Williams,RB,CIN,-,-,-,-,-,-,0,0,BYE,2.2,0,1.1,0,4.3,0.8,0.6,7.7,1.7,16.7,434
434,Jeff Smith,WR,NYG,-,-,-,8.1,2.3,0.8,0,2.9,0,-,0.5,0.7,-,1.4,0,0,0,1.4,16.7,437
437,Quez Watkins,WR,PHI,-,-,-,-,0,0,-,-,BYE,-,-,-,-,0.3,10,5.7,0.6,2.8,16.6,438
438,Jamal Agnew,WR,JAC,0,0,2.2,0.3,-,1.7,0,1.1,-,-,1,0,2.4,1.5,2,6,-2,1.2,16.2,438
438,Maxx Williams,TE,FA,0,-,-,-,-,-,-,-,6.4,0,2.9,1,0,1.7,4.2,-,0,1.8,16.2,440
440,D'Onta Foreman,RB,CHI,-,-,-,-,-,-,-,3.7,1.1,8.3,0.1,2.8,0,-,-,-,-,2.7,16,440
440,Corey Clement,RB,ARI,2.1,0,0.8,0.3,0,0,2.1,2.8,-,6.5,-,0.6,0,0,0,0,0.8,1.1,16,442
442,Jarrett Stidham,QB,DEN,-,-,-,4.7,BYE,-,1.9,-,-,-,-,-,6.2,1.4,-,1.8,-,3.2,15.9,443
443,Noah Brown,WR,HOU,0,2.8,0.9,4.3,0,1.5,0,0,0,-,0.6,0,4,0,1.7,0,0,1,15.8,444
444,Malcolm Perry,WR,FA,-,-,-,-,-,-,-,0.5,0,2.7,2.3,0.8,-,0.5,0.4,0,8.5,1.7,15.7,445
445,Garrett Gilbert,QB,FA,-,-,-,-,-,-,-,-,15.5,-,-,-,-,-,-,-,0,7.8,15.5,445
445,Nick Vannett,TE,FA,-0.6,0,-,0.7,-,0.7,2.5,0,1.1,0,2.4,0,0.7,8,0,0,0,1,15.5,445
445,Lee Smith,TE,FA,-,-,6.1,-,-,0,-,0,-,0,-,0.3,0,0,0,9.1,0,1.6,15.5,448
448,Blaine Gabbert,QB,KC,-,-,-,-,-,0.2,-,-,-0.1,0,-,-,-,-,-,15.2,-,3.8,15.3,448
448,Brett Rypien,QB,LAR,-,-,1.1,14.2,-,-,0,-,BYE,-,-,-,-,-,-,-,-,5.1,15.3,450
450,Darrell Daniels,TE,FA,0,0,2.4,0,3.7,0.1,0,-,8.1,0,-,-,-,-,0.2,0.7,0,1.3,15.2,450
450,T.J. Yeldon,RB,FA,-,-,1.8,0,13.4,-,-,-,-,-,-,-,-,-,-,-,-,5.1,15.2,450
450,Gabe Nabers,RB,FA,0,0,0,0.9,0,-,0,6.2,6.4,0.9,0,0,0,0.3,0,0,0.5,1,15.2,453
453,Tyler Ervin,RB,FA,4.4,0.4,1.3,0.8,-,-,-,0.7,7.2,0.3,-,-,0,-,-,-,-,1.9,15.1,454
454,Auden Tate,WR,ARI,0,-,2.9,1.5,1.2,-,0,6.5,-,2.4,0.5,0,-,-,-,-,-,1.7,15,455
455,Reggie Bonnafon,RB,FA,-,-,1.6,13.1,-,-,-,-,-,-,-,-,-,-,-,-,-,7.4,14.7,455
455,C.J. Uzomah,TE,NYJ,4.5,10.2,-,-,-,-,-,-,-,BYE,-,-,-,-,-,-,-,7.4,14.7,457
457,Geoff Swaim,TE,FA,-,-,-,-,0,1,0,-,-,0,0.9,3,0,9.4,-,0,0,1.4,14.3,458
458,Chase Daniel,QB,FA,-,-,-,-,-,-,-,-,7.3,-,-,-,-,1.2,2.3,3.4,-,3.5,14.2,459
459,Darrynton Evans,RB,FA,-,-,0.9,-,1.2,-,-,-,-,-,-,-,-,-,11.7,0.3,0,2.8,14.1,459
459,Christian Blake,WR,FA,0,0,0,4.7,0,0.5,0,1.4,3.1,-,2.8,1.7,0,0,-0.1,0,0,0.9,14.1,461
461,Troy Fumagalli,TE,SF,-,-,-,-,-,-,-,-,-,1.2,0,0,0,5.3,0,0,7.5,1.8,14,462
462,John Wolford,QB,TB,-,-,-,-,-,-,-,-,-,-,-,-,BYE,-,-,-,13.8,13.8,13.8,463
463,P.J. Walker,QB,CHI,-,-,-,-,-,-,-,0.1,-,0.5,12.1,-,-,-,-,-,0.8,3.4,13.5,463
463,Malik Taylor,WR,NYJ,0,0,0,2,-,0,6.6,2.6,0.9,0,0,0,1.4,-,0,0,0,0.9,13.5,465
465,LeSean McCoy,RB,FA,0.2,2.1,2.4,0.6,-,0.7,-,-,-,0,-,0,-,3.5,3.2,0.5,-,1.3,13.2,466
466,Mike Boone,RB,HOU,0,0,0,0,1.9,0.5,-,0,0,0,0,0,0,1.2,0,6.4,2.9,0.8,12.9,467
467,Ty Montgomery,RB,NE,-0.4,2.5,-,-,BYE,-,-,-,-,0,0,-,-,-,-,0,10.7,2.1,12.8,468
468,Ryan Nall,RB,FA,0,0.2,0,0,0,0,-,0.2,9.5,1.8,-,1,0,0,0,0,0,0.8,12.7,469
469,DeMichael Harris,WR,FA,-,-,-,-,-,2.9,-,-,5.5,2.1,2,0.3,-0.3,-,-,0,-,1.8,12.5,470
470,Ray-Ray McCloud III,WR,SF,0,0,0,-,7.5,0,1.2,0.6,1.6,0.3,2.3,-1.2,0.4,0,-0.2,0,-0.3,0.8,12.2,471
471,DeAndre Washington,RB,FA,-,-,-,-,-,-,0.7,-,-,0.2,-,6,-,5.2,-,-,-,3,12.1,472
472,Tristan Vizcaino,K,DAL,-,-,-,-,-,-,-,-,-,BYE,-,-,-,-,-,-,12,12,12,472
472,Patrick Laird,RB,TB,0.9,0,0,0,0,0.2,-,0,1.6,1.9,0.8,-1.1,2.2,2.3,3.2,0,0,0.8,12,474
474,Chris Hogan,WR,FA,0,7.5,0,2.3,2,-,-,-,-,-,-,-,-,-,-,-,-,2.4,11.8,474
474,Troymaine Pope,RB,FA,-,-,-,-,0,-,0.6,9.5,-,0,1.6,0.1,-,-,-,-,-,2,11.8,476
476,Taylor Heinicke,QB,ATL,-,-,-,-,-,-,-,-,-,BYE,-,-,-,-,-,11.7,-,11.7,11.7,477
477,Dante Pettis,WR,CHI,0,0,0,0,-,-,-,-2,-,-,BYE,-,-,-,-,3.3,10.3,1.7,11.6,478
478,Tarik Cohen,RB,FA,4.7,2.7,4.1,-,-,-,-,-,-,-,-,-,-,-,-,-,-,3.8,11.5,479
479,J.J. Taylor,RB,NE,3.2,-0.1,4.3,-,BYE,-,-,-,-,-,-,-,-,-,0.2,3.8,0,1.9,11.4,480
480,Blake Bell,TE,KC,0,3.4,0,2.4,1.3,0,0,0,-0.4,BYE,1.3,0,0.2,1.1,1.2,0.7,0,0.7,11.2,480
480,Kaden Smith,TE,IND,1.7,-0.1,1.3,1,0.7,1.5,0,0.6,0.8,1.2,-,-,0.3,0.6,0,0,1.6,0.7,11.2,482
482,Virgil Green,TE,FA,1,0,0,0,1.4,-,8.6,-,-,-,-,-,-,-,-,-,-,1.8,11,482
482,Javon Wims,WR,ARI,6.1,1.7,0,0,0,0,0.8,0.9,-,-,-,-,1.3,0.2,0,0,0,0.8,11,484
484,Josh Hill,TE,FA,0,1.6,0,0.7,0.1,-,0,0.7,7.4,0,-,0,0,0.1,0,0,-,0.8,10.6,484
484,Lil'Jordan Humphrey,WR,DEN,-,-,-,-,BYE,-,-,-,-,-,-,-,-,-,8.9,0,1.7,3.5,10.6,484
484,Alex Erickson,WR,FA,0,0,0,1.6,0,0,0,0,-,-2,1,-0.4,1.7,-1.1,0,8.8,1,0.7,10.6,484
484,Stephen Anderson,TE,FA,0,0,0,0,0,-,0,0,0,0,0,0,0.6,0,0,4.8,5.2,0.7,10.6,488
488,J.J. Arcega-Whiteside,WR,ATL,0,0,0,-,3.7,2,0.8,0,-,BYE,-,-,-,-,-,-,4,1.3,10.5,488
488,Diontae Spencer,WR,NYJ,0,0,0.7,0,-,0.9,-,-,-,0,0,-,-,6,0,1.9,1,1,10.5,490
490,C.J. Board,WR,FA,1.7,3.2,0.9,0.3,0,0.8,-,-,1,0,-,1.1,-0.2,0,0,1.6,0,0.7,10.4,491
491,Matt Barkley,QB,BUF,-,-,-,-,0.9,-,-,-,-,-,BYE,0,-,-,0,0.1,9.3,2.1,10.3,492
492,Devin Asiasi,TE,CIN,0,0,0,-,-,0,-,-,BYE,-,-,-,-,0,0,0,9.9,1.2,9.9,492
492,Vance McDonald,TE,FA,0.3,0.3,3.5,-,0.4,0,1.4,0,0.2,-,-,0,0,0,0,0.5,3.3,0.7,9.9,494
494,Jakob Johnson,RB,LV,0,6.1,0.6,0,-,0,0.1,0,0.6,2,0,0,0.1,0,0,0,0,0.6,9.5,495
495,Saquon Barkley,RB,NYG,6.6,2.8,-,-,-,-,-,-,-,-,BYE,-,-,-,-,-,-,4.7,9.4,495
495,Justin Watson,WR,KC,0.6,4.8,-,4,-,0,0,0,-,0,0,0,-,0,-,-,0,0.9,9.4,495
495,Artavis Pierce,RB,FA,-,-,-,-,-,0,-,-,0,0.9,-,-,-,-,-,8.6,-0.1,1.9,9.4,498
498,Trace McSorley,QB,NE,-,-,-,-,BYE,-,-,-,-,-,-,8.7,-,0.6,-,-,-,4.7,9.3,499
499,Austin Mack,WR,FA,-,-,-,-,-,0.1,0,0,7.2,0.9,-,0,0,0,0,0,0.9,0.8,9.1,500
500,Tyrod Taylor,QB,NYG,9,-,-,-,-,-,-,-,0,-,BYE,-,-,-,-,-,-,4.5,9,501
501,Joe Reed,WR,CHI,0,0.8,0,-,-,-,7.4,0,0.7,0,0,0,-,-,-,0,0,0.8,8.9,502
502,Chris Streveler,QB,NYJ,0.3,0,0,-,-,-,-,-,-,BYE,0,-,-,-,-,-,8.4,1.7,8.7,502
502,Parris Campbell,WR,NYG,8,0.7,-,-,-,-,-,-,-,-,BYE,-,-,-,-,-,-,4.4,8.7,502
502,Tevin Coleman,RB,FA,2.4,4,-,-,-,-,-,2,-,-,-,-,-1.1,0,1.1,0.3,0,1.1,8.7,505
505,Dominique Dafney,TE,TB,-,-,-,-,-,-,-,-,-,-,-,-,0,0,0,1.3,7.3,1.7,8.6,505
505,Ryan Griffin,TE,FA,0,0,0,1,0,1.7,0,0,2.8,-,0,0,3.1,0,0,-,0,0.6,8.6,505
505,Trent Taylor,WR,CIN,0.7,1,2,0,0,0.8,0,3.2,0.9,0,-,0,-,-,0,-,-,0.7,8.6,508
508,Patrick Ricard,RB,BAL,-1.2,6.1,0,0,0.7,0,BYE,0,0,0.2,0.5,-,1.1,0,1,0,0,0.6,8.4,509
509,Jake Kumerow,WR,FA,-,-,-,-,-,-,-,-,0,0,-,0,0,0,8.2,-,-,1.4,8.2,510
510,Justice Hill,RB,BAL,-,-,-,0,-,0,BYE,0,0,0.3,0,4,0.4,0.4,0.8,0,2.1,0.7,8,511
511,C.J. Prosise,RB,FA,-,0,0.1,0,0,0,0,-,-,-0.2,1.2,5.4,-,1.2,-,-,-,0.8,7.7,512
512,Reggie Gilliam,RB,BUF,0,6.1,0,0,0,0,1.5,0,0,0,BYE,0,0,0,0,-,-,0.5,7.6,513
513,Jaylen Samuels,RB,FA,0.3,0.4,0.1,-,0,0,0.5,0,0,0,-,-,1.2,3.3,1.6,0,0,0.5,7.4,514
514,Anthony Sherman,RB,FA,0.2,0,6.5,-,0,-,-,-,0,-,0,0,0,0,0,0,0.6,0.6,7.3,514
514,Pharoh Cooper,WR,FA,0,0,0,0,1.2,0,0,0,0,0,0,0,-,5.2,0,0,0.9,0.5,7.3,516
516,Jonathan Ward,RB,TEN,-,-,0,0,0,0,0,-,0,0,0,0,0,0,0,0,7.1,0.5,7.1,517
517,Ben DiNucci,QB,DEN,-,-,-,-,BYE,0,1.6,5.4,-,-,-,-,-,-,-,-,-,2.3,7,518
518,Buddy Howell,RB,FA,0,0,0,0,-,-,0,-,0,0,0,0,0,4.5,2.2,0,0,0.5,6.7,518
518,Colin Thompson,TE,FA,-,0,0,0,0,0,0,0,0,6.7,0,0,-,0,0,0,0,0.4,6.7,520
520,Courtland Sutton,WR,DEN,-,6.6,-,-,BYE,-,-,-,-,-,-,-,-,-,-,-,-,6.6,6.6,520
520,Keith Smith,RB,ATL,0,0.3,0.3,0.4,0.1,0.3,0,0,0.1,BYE,0.4,0,0,0.1,3.2,1.4,0,0.4,6.6,522
522,Ashton Dulin,WR,IND,0,0.6,0,0,3.7,0,BYE,1.3,-,-,-,0,0,0,0,0.8,0,0.5,6.4,523
523,Tyrie Cleveland,WR,PHI,0.7,-,0,0,-,0,0,0,0,-,-,0,1.1,-,-,-,4.5,0.6,6.3,523
523,Luke Stocker,TE,FA,0,0,0.6,0,0.2,0,0,0,1.2,-,0,0,0,0,2.1,0.9,1.3,0.4,6.3,523
523,Damion Ratley,WR,FA,0,0,2.9,3.4,0,-,-,-,-,-,-,-,-,-,-,-,-,1.3,6.3,523
523,Jordan Thomas,TE,CAR,-,0,0,6.3,-,0,-,-,-,-,0,0,BYE,-,-,-,-,1.1,6.3,523
523,Jason Croom,TE,FA,-,-,-,-,0,6.3,0,0,-,-,-,-,-,-,-,-,-,1.6,6.3,528
528,Steven Mitchell Jr.,WR,FA,-,-,-,-,-,-,-,-,-,-,-,0,0,3.8,0,0.2,2,1,6,528
528,Ja'Marcus Bradley,WR,PIT,-,-,-,BYE,-,-,-,-,-,-,-,-,0,0,-,6,-,2,6,530
530,Jaydon Mickens,WR,NYG,0,0,0,0,2.2,0,0,3.6,0,-,BYE,-,-,-,-,-,0,0.6,5.8,531
531,Theo Riddick,RB,FA,-,-,-,1.3,-,-,-,-,-,-,-,-,0.9,0,-0.5,-,4,1.1,5.7,532
532,Marlon Mack,RB,FA,5.6,-,-,-,-,-,-,-,-,-,-,-,-,-,-,-,-,5.6,5.6,533
533,Johnny Mundt,TE,MIN,0,0,0,0.5,0,0,4.8,0,-,0,0,0,0,0,0,0,0,0.3,5.3,533
533,Cethan Carter,TE,FA,0,0,0.1,2.4,0,0,-,0.2,-,0,0,0.5,0,0,0,0,2.1,0.4,5.3,533
533,KJ Hill Jr.,WR,FA,0,0,1.5,0,0.8,-,-,0,-2,0,0,0,0.7,0.4,3.9,0,0,0.4,5.3,533
533,Nick Westbrook-Ikhine,WR,TEN,-,0,0,BYE,0.7,2,0,0,0,0,0.7,0,-,0,0,1.9,0,0.4,5.3,537
537,Chris Manhertz,TE,DEN,0.4,0.8,0,1.7,0,0.6,0,0.6,0,0,0,1.1,-,0,0,0,0,0.3,5.2,538
538,Dontrell Hilliard,RB,FA,-,-,-,2.1,0,2.9,0,0,-,-,-,-,-,-,-,0,0,0.7,5,538
538,Isaiah Zuber,WR,FA,-,-,1.3,0.8,-,1.6,-,1.3,-,-,-,-,-,-,-,-,-,1.3,5,538
538,Trent Sherfield,WR,BUF,0,0,0,0,0.6,0,0,-,0,0,0,-,0,0,0,0,4.4,0.3,5,541
541,Trenton Cannon,RB,FA,0,0,-,-,-0.1,2.7,0.7,0,0,0,0,1.8,-,-0.2,0,0,0,0.4,4.9,542
542,Levine Toilolo,TE,FA,1.3,0,0,0,0,0,0,0.9,0,0,-,0,0,0,1.4,0,1,0.3,4.6,542
542,Michael Burton,RB,DEN,0,0,0,0.7,0.2,-,0,0.1,1.3,0,0,0,0,0,0.9,1.4,-,0.3,4.6,544
544,Robert Griffin III,QB,FA,0.3,-,-,-0.7,-0.1,-,-,-,-,-,-,5.1,-,-,-,-,-,1.1,4.6,545
545,Demetrius Harris,TE,FA,0,0,1.5,0.6,0.9,0,1.5,0,0,0,-,0,0,0,0,-,0,0.3,4.5,546
546,Hunter Bryant,TE,FA,-,-,-,-,-,-,-,-,-,-,-,-,0,0,4.4,0,0,0.9,4.4,547
547,Nick Keizer,TE,FA,0,0,0,0,0,0.2,1.6,0.5,0,-,0.5,0,1.5,0,0,0,0,0.3,4.3,547
547,Devine Ozigbo,RB,FA,-,-,-,-,-,-,0,-,-,-,0.5,0,0,3,0.4,0.4,0,0.5,4.3,549
549,Tanner Hudson,TE,CIN,-,0,0,0,0.9,0,1.2,0,0,0,-,-,-,-,0,2,-,0.4,4.1,549
549,River Cracraft,WR,MIA,-,-,-,-,-,-,BYE,0,1.3,0,-,0,0,0,1.1,0,1.7,0.5,4.1,551
551,Elliott Fry,K,DEN,-,-,-,4,BYE,-,-,-,-,-,-,-,-,-,-,-,-,4,4,551
551,Jonathan Brown,K,FA,-,-,-,-,-,4,-,-,-,-,-,-,-,-,-,-,-,4,4,551
551,Ted Ginn Jr.,WR,FA,0,-,2.9,1.1,0,0,-,-,-,-,-,-,-,-,-,-,-,0.8,4,554
554,Juwan Johnson,TE,NO,-,-,-,-,-,BYE,0,0.5,-,-,-,-,0,1.1,0,1.9,0.4,0.6,3.9,554
554,Khari Blasingame,RB,CHI,0.5,0,0,-,-,0,0,0.5,0,1.3,0,1.6,0,0,0,0,0,0.3,3.9,556
556,Robert Foster,WR,FA,-,-,-,-,-,-,-,-,-,-,0,-,-,0,0.9,2.8,-,0.9,3.7,557
557,Charlie Woerner,TE,SF,0,0,0,0,0,0,0,0,0,0,BYE,0,3.3,0,-,-,0.3,0.3,3.6,557
557,Deon Yelder,TE,FA,-,-,0,0.5,0,0,0,0.5,0,-,0,0.2,0,0,0.6,1.2,0.6,0.3,3.6,557
557,Brandon Zylstra,WR,FA,0,0,0,0,0,0,0.4,0,2.8,0,0,0,-,0.3,0.1,0,0,0.2,3.6,560
560,Lawrence Cager,WR,NYG,-,-,3.5,0,-,-,-,-,-,-,BYE,-,-,-,-,-,-,1.8,3.5,560
560,Elijhaa Penny,RB,FA,0,0,0,0,0.3,0,0,1.1,0.2,0,-,0,0.8,0,1.1,-,-,0.3,3.5,560
560,Terry Godwin,WR,FA,-,-,-,-,-,-,-,-,-,0,0,-,-,-,-,-,3.5,1.2,3.5,560
560,Kahale Warring,TE,FA,0,-,-,-,-,-,-,-,-,-,-,0,0,0,3.2,0.3,0,0.5,3.5,564
564,Rashaad Penny,RB,PHI,-,-,-,-,-,-,-,-,BYE,-,-,-,-,-,0.6,0.9,1.9,1.1,3.4,565
565,Daniel Brown,TE,FA,0,0,0,0,0,0,0,0,0,-,0,0,0,0,0,1.3,1.8,0.2,3.1,565
565,Stephen Carlson,TE,CHI,0,0,0,2,0,0,0,0,-,0,0,1.1,0,0,0,0,0,0.2,3.1,565
565,Bo Scarbrough,RB,FA,-,-,-,-,-,-,-,-,-,-,3.1,-,-,-,-,-,-,3.1,3.1,565
565,Seth Roberts,WR,FA,0.5,0,1.6,1,0,0,0,-,-,-,-,-,-,-,-,-,-,0.4,3.1,569
569,Ben Ellefson,TE,FA,0,0,-,-,-,-,2,-,0,0,1,0,-,-,-,-,-,0.4,3,569
569,Brian Hoyer,QB,LV,-,-,-,3,-,BYE,-,-,-,-,-,-,-,-,-,-,-,3,3,569
569,Austin Walter,RB,LV,-,-,-,-,-,BYE,-,-,0,3,-,0,-,-,-,-,0,0.8,3,572
572,Tyler Huntley,QB,BAL,-,-,-,-,-,-,BYE,-,-,-,-,-,-,-,2.1,-,0.8,1.5,2.9,573
573,Josh Malone,WR,FA,0,2.8,0,0,-,-,-,-,-,-,-,-,-,-,-,-,-,0.7,2.8,574
574,David Blough,QB,ARI,-,-,-,-,-,-,-,BYE,-,-,-,-,-,-,-,2.8,-,2.8,2.8,575
575,Alex Armah Jr.,RB,WAS,0.1,1.4,0,0.2,0.2,0,0.1,0,0,-0.5,0,0,-,0,0.9,0.3,0,0.2,2.7,576
576,Darrius Shepherd,WR,LAC,-,-,0,2.1,-,1.6,0,0.6,0.3,-,-2,0,-,-,-,-,-,0.3,2.6,577
577,Jaeden Graham,TE,FA,0,0,0,0,0.7,0,0,0,0,-,0,1.1,0,0.7,0,0,0,0.2,2.5,577
577,Antonio Gandy-Golden,WR,FA,-,0.3,2.2,0,0,0,-,-,-,-,-,-,-,-,-,0,-,0.4,2.5,579
579,Rico Dowdle,RB,DAL,0,-,0,0,0,1.3,0,0,0,BYE,0,0,0,0,1.1,0,0,0.2,2.4,579
579,Jameis Winston,QB,NO,-,-,-,-,-,BYE,-,-,0.2,2.3,-,0,-,-,-,-,-0.1,0.6,2.4,579
579,Tommy Stevens,QB,FA,-,-,-,-,-,-,-,-,-,-,-,-,-,-,-,-,2.4,2.4,2.4,582
582,Daurice Fountain,WR,CHI,-,0,2.3,0,0,-,-,-,0,-,BYE,-,-,-,-,-,-,0.5,2.3,583
583,Penny Hart,WR,ATL,0,-,0,0,0,-,-,0,0,0,0,0,0,2.2,-,0,0,0.2,2.2,584
584,Joshua Dobbs,QB,CLE,-,-,-,-,-,-,-,-,BYE,-,-,-,-,-,-,-,2.1,2.1,2.1,585
585,Stephen Hauschka,K,FA,-,-,-,-,2,-,-,-,-,-,-,-,-,-,-,-,-,2,2,585
585,Antonio Callaway,WR,FA,-,-,-,-,-,-,-,-,-,-,1.3,0.7,0,0,0,-,-,0.4,2,587
587,Jason Huntley,RB,PIT,0.1,-,-,BYE,-,0,1.3,0,-,-,-,-,-,-,-,-,0.5,0.4,1.9,587
587,Tommylee Lewis,WR,FA,-,-,-,-,-,-,-,0.5,-,-,-,-,1.6,0,0,-,-0.2,0.4,1.9,587
587,Donte Moncrief,WR,FA,-,-,-,-,-,-,-,-,-,-,1.5,0,0.4,0,-,0,0,0.3,1.9,587
587,Nathan Peterman,QB,CHI,-,-,-,-,-,-,-,-,-,-,BYE,1.9,-,-,-,-,-,1.9,1.9,591
591,Case Keenum,QB,HOU,-,-,-,-,-,1.8,-,BYE,-,-,-,-,-,-,-,0,-,0.9,1.8,592
592,Andy Janovich,RB,FA,0,0,1.3,0,0.4,0,0,0,-,0,-,-,0,0,0,0,0,0.1,1.7,592
592,John Ross,WR,KC,1.7,0,-,-,-,0,-,-,-,BYE,-,-,-,-,-,-,-,0.6,1.7,594
594,Eric Saubert,TE,MIA,-,-,-,-,-,-,0,-,-,-,0.3,0,0,0.4,0,0,0.9,0.2,1.6,594
594,Dalton Keene,TE,PHI,-,-,-,-,-,-,0.8,-,BYE,-,-,-,0,0,0.2,0,0.6,0.3,1.6,594
594,Colby Parkinson,TE,SEA,-,-,-,-,-,BYE,-,0,-,-,-,0,0,1.6,0,-,0,0.3,1.6,594
594,Scottie Phillips,RB,FA,0,-,-,-,-,-,-,-,-,-,0,0,0,0,1.6,0,0,0.2,1.6,594
594,Jaleel Scott,WR,FA,-,-,-,-,-,-,-,-,-,-,-,-,-,1.6,-,-,-,1.6,1.6,594
594,LeVante Bellamy,RB,FA,-,0,0,0,-,-,-,-,-,-,-,-,-,-,-,1.6,0,0.3,1.6,600
600,Dwayne Washington,RB,FA,-,-,0,0,0,-,0,0,0.9,-,-,0.6,0,0,0,0,-,0.1,1.5,601
601,Derek Carrier,TE,FA,0,0,0,0,0,-,0,0,0,0,1.4,0,0,0,0,0,0,0.1,1.4,601
601,James Proche II,WR,BAL,0,0,0,0,0,0,BYE,0,0,0,1.4,0,0,0,0,-,-,0.1,1.4,603
603,Keith Kirkwood,WR,NO,-,-,-,-,-,1.3,-,-,-,-,-,-,-,-,-,-,-,1.3,1.3,603
603,Tony Jones Jr.,RB,DEN,-,-,-,-,BYE,-,-,-,-,-,-,-,-,-,-,-,1.3,1.3,1.3,603
603,Vyncint Smith,WR,IND,-,-,-,-,-,0,0,1.3,-,-,0,0,-,-,-,0,0,0.2,1.3,606
606,Logan Woodside,QB,ATL,-,-,-,-,-,-,-,-,-,0,0.3,-0.5,-,1.8,-0.3,0,-,0.2,1.3,607
607,Josiah Deguara,TE,GB,1.2,-,-,0,BYE,-,-,-,-,-,-,-,-,-,-,-,-,0.6,1.2,607
607,Luke Willson,TE,FA,0,0,-,0,0,-,-,0,-,-,0,0,1.2,-,-,-,-,0.2,1.2,607
607,Cody Hollister,WR,TEN,0,-,-,BYE,1.2,-,-,-,-,-,-,-,-,-,-,-,-,0.6,1.2,607
607,Blake Jarwin,TE,FA,1.2,-,-,-,-,-,-,-,-,-,-,-,-,-,-,-,-,1.2,1.2,611
611,Geno Smith,QB,SEA,-,-,-,-,-,BYE,-,-,-,-,-,-,-,1.1,-,-,-,1.1,1.1,611
611,Marcus Kemp,WR,WAS,0,0,0,-,-,0,1.1,0,-,-,-,0,0,0,-,-,0,0.1,1.1,611
611,Bennie Fowler III,WR,FA,0,0,0,0,1.1,-,-,-,-,-,-,-,-,-,-,-,-,0.2,1.1,614
614,Temarrick Hemingway,TE,FA,-,-,-,-,1,0,0,-,0,0,0,0,0,-,-,-,-,0.1,1,614
614,Gehrig Dieter,WR,FA,-,-,-,-,-,-,-,-,0,-,0,-,-,-,-,0,1,0.3,1,614
614,Taylor Russolino,K,FA,-,-,-,-,-,-,-,-,-,-,-,-,-,-,1,-,-,1,1,614
614,Brandon Wright,K,FA,-,-,1,-,-,-,-,-,-,-,-,-,-,-,-,-,-,1,1,618
618,Chandler Cox,RB,FA,0,0,0,0.3,0.6,0,-,-,0,-,-,-,0,-,-,-,-,0.1,0.9,618
618,Senorise Perry,RB,FA,0,0.9,-,-,-,-,-,-,-,-,0,0,0,0,0,-,-,0.1,0.9,618
618,D.J. Foster,RB,FA,0,0,-,-,-,-,-,-,0.9,0,0,0,0,-,0,0,0,0.1,0.9,621
621,Dexter Williams,RB,FA,-,-,-,-,-,-,0,-,0.8,-,-,-,-,-,-,0,-,0.3,0.8,621
621,AJ McCarron,QB,FA,-,-,-,-,-,-,-,-,-,-,-,-,-,0,-,-,0.8,0.4,0.8,623
623,Tyler Bray,QB,FA,-,-,-,-,-,-,-,-,-,0.7,-,-,-,-,-,-,-,0.7,0.7,623
623,Craig Reynolds,RB,DET,-,-,-,-,BYE,-,-,-,-,-,-,0,-,-,-,0.7,-,0.4,0.7,625
625,Jonathan Williams,RB,WAS,-,-,-,-,-,-,-,BYE,0,0,0,0.6,0,-,-,-,-,0.1,0.6,625
625,Lamar Miller,RB,FA,-,-,-,-,-,-,-,-,-,0.6,-,-,-,-,-,-,-,0.6,0.6,625
625,Jeremy Sprinkle,TE,FA,0,0,0,0,0,0,0.6,-,0,0,0,0,0,0,0,0,0,0,0.6,625
625,Brandon Dillon,TE,WAS,-,-,-,-,-,-,-,BYE,-,0,-,0.6,0,-,-,-,-,0.2,0.6,625
625,Cullen Gillaspia,RB,FA,-,0,0.6,-,0,0,0,-,0,0,-,-,-,-,-,-,-,0.1,0.6,625
625,John Lovett,QB,MIA,0,0,0,0,-,0,0,0,0.6,-,-,-,-,-,-,-,-,0.1,0.6,631
631,Trevon Wesco,TE,TEN,0,0,0,0,0.5,0,0,0,-,-,-,-,-,0,0,0,0,0,0.5,631
631,Trenton Irwin,WR,CIN,-,-,-,-,-,-,-,-,BYE,-,-,-,-,-,-,0.5,-,0.5,0.5,631
631,Jake Butt,TE,FA,0,0,0.5,0,-,0,-,-,-,-,-,-,-,-,-,-,-,0.1,0.5,634
634,Tony Brooks-James,RB,FA,-,-,-,-,-,-,-,-,-,-,-,0.4,-,-,-,-,-,0.4,0.4,635
635,JoJo Natson,WR,FA,0,0,0.3,-,-,-,-,-,-,-,-,-,-,-,-,-,-,0.1,0.3,635
635,Qadree Ollison,RB,JAC,-,-,0,-,-,-,-,0.3,0,-,-,-,-,-,-,-,-,0.1,0.3,635
635,Isaac Nauta,TE,FA,-,-,-,-,-,0,0.3,0,0,0,0,0,-,-,-,-,-,0,0.3,638
638,Marcus Baugh,TE,FA,0,0.2,0,0,-,-,-,-,-,-,-,-,-,0,0,0,0,0,0.2,638
638,Bruce Miller,TE,FA,0.2,0,0,0,0,0,0,-,-,-,-,-,-,-,-,0,-,0,0.2,640
640,Kevin Rader,TE,TEN,-,-,-,BYE,-,-,-,-,-,-,-,-,-,-,-,-,0,0,0,640
640,Stanley Morgan Jr.,WR,CIN,-,-,-,-,-,-,-,-,BYE,0,-,-,0,0,0,0,0,0,0,640
640,Nate Becker,TE,FA,-,-,-,-,-,-,-,-,-,-,-,-,-,-,-,-,0,0,0,640
640,Derrick Willies,WR,FA,-,-,-,-,-,-,-,-,-,-,-,-,-,-,-,0,-,0,0,640
640,Mike White,QB,MIA,-,-,-,-,-,-,BYE,-,-,-,0,-,-,-,-,-,-,0,0,640
640,Jordan Matthews,WR,FA,-,-,-,-,-,-,-,-,-,-,-,-,-,-,-,0,0,0,0,640
640,Chris Rowland,WR,FA,-,-,-,-,-,-,-,-,-,-,-,-,-,-,-,0,0,0,0,640
640,Hale Hentges,TE,FA,-,-,-,-,-,-,-,-,-,-,-,-,-,-,-,-,0,0,0,640
640,Dezmon Patmon,WR,BUF,-,-,-,-,-,-,-,-,-,-,BYE,-,-,-,-,-,0,0,0,640
640,Juwann Winfree,WR,IND,-,-,-,-,-,-,BYE,-,-,0,-,-,-,0,-,-,-,0,0,640
640,Jake Bargas,TE,NO,-,-,-,-,-,BYE,-,-,-,-,-,-,-,-,-,0,-,0,0,640
640,Wendell Smallwood,RB,FA,-,-,-,-,-,-,-,-,-,-,-,0,-,-,-,-,-,0,0,640
640,Matt Sokol,TE,NE,-,-,-,-,BYE,-,-,-,-,-,-,-,-,-,-,0,0,0,0,640
640,Johnny Stanton IV,RB,FA,-,-,-,-,-,-,-,-,-,-,0,-,-,-,-,-,-,0,0,640
640,Sewo Olonilua,RB,FA,-,-,-,-,-,-,-,-,-,-,-,-,-,-,0,0,-,0,0,640
640,Michael Warren II,RB,FA,-,-,-,-,-,-,-,-,-,-,-,-,-,-,0,-,-,0,0,640
640,Xavier Jones,RB,FA,0,0,0,0,0,0,-,0,-,0,0,0,0,-,-,0,0,0,0,640
640,Joe Webb III,QB,FA,-,-,-,-,-,-,-,-,-,-,-,-,-,-,0,0,-,0,0,640
640,Tavon Austin,WR,FA,-,-,-,-,-,-,-,-,-,-,-,-,-,0.8,0,0.5,-1.3,0,0,640
640,Isaiah Coulter,WR,BUF,-,-,-,-,-,-,-,-,-,-,BYE,-,-,0,-,-,-,0,0,640
640,Javon Leake,RB,FA,-,-,-,-,-,-,-,-,-,-,-,-,-,0,-,-,-,0,0,640
640,Derek Watt,RB,FA,0,0,0,-,-,0,-,-,-,0,0,0,0,0,0,0,0,0,0,640
640,Seth DeValve,TE,FA,-,-,-,-,-,-,-,-,-,-,-,-,0,0,-,0,0,0,0,640
640,Trey Quinn,WR,FA,-,-,-,-,-,-,-,-,-,-,-,0,-,-,-,-,-,0,0,640
640,Sean Culkin,TE,FA,-,-,-,-,-,-,-,-,-,-,-,0,-,-,-,-,-,0,0,640
640,Brycen Hopkins,TE,LAR,-,-,-,-,-,-,-,-,BYE,-,-,0,-,0,0,-,0,0,0,640
640,Elijah Holyfield,RB,FA,-,-,-,-,-,-,-,-,-,-,0,-,-,-,-,-,-,0,0,640
640,Quinton Bell,WR,FA,0,0,0,0,0,-,-,-,-,-,-,-,-,-,-,-,-,0,0,640
640,Caleb Wilson,TE,FA,-,-,-,-,-,-,-,-,-,0,0,0,-,-,-,0,0,0,0,640
640,Beau Brinkley,TE,FA,0,0,0,-,0,0,0,0,-,-,-,-,-,-,-,-,-,0,0,640
640,Jason Moore Jr.,WR,FA,-,-,-,0,-,-,-,0,-,-,-,-,-,-,-,-,-,0,0,640
640,Zach Gentry,TE,PIT,-,-,-,BYE,-,-,-,-,-,0,0,-,-,-,-,-,-,0,0,640
640,J.P. Holtz,TE,FA,0,0,0,0,0,0,0,0,0,0,-,0,0,0,0,0,0,0,0,640
640,Garrett Griffin,TE,FA,-,-,-,0,0,-,-,-,-,-,0,-,-,-,-,-,0,0,0,640
640,Eric Tomlinson,TE,FA,0,-,-,-,-,-,-,-,-,-,-,0,0,0,0,0,0,0,0,640
640,Andrew Beck,TE,HOU,0,0,0,0,-,0,-,BYE,-,-,-,-,0,0,0,0,0,0,0,640
640,Deante Burton,WR,FA,-,-,0,-,-,-,-,-,-,-,-,0,0,0,-,-,-,0,0,640
640,Tyler Davis,TE,GB,-,-,0,0,0,0,-,-,0,0,-,-,-,-,0,-,0,0,0,640
640,Mason Schreck,TE,HOU,-,-,0,0,0,0,0,0,-,0,0,0,0,0,0,0,0,0,0,640
640,Antony Auclair,TE,FA,0,-,-,-,-,-,-,0,0,0,0,0,-,0,-,-,0,0,0,640
640,Clark Harris,TE,FA,0,0,0,0,0,0,0,0,-,0,0,0,0,0,0,0,0,0,0,640
640,Raymond Calais,RB,FA,-,-,0,0,-,-,0,-,-,-,-,-,-,-,-,-,0,0,0,640
640,Trey Edmunds,RB,FA,-,-,-,-,0,-,0,0,-,0,-,-,-,-,-,-,-,0,0,640
640,Kenjon Barner,RB,FA,-,-,0,0,-,-,-,-,-,-,0,-,-,0,0,0,-,0,0,640
640,Cyril Grayson Jr.,WR,FA,-,0,-,-,0,0,-,-,-,-,-,-,-,-,-,-,-,0,0,640
640,Justin Hardee,WR,NYJ,0,0,0,0,-,-,0,0,-,BYE,-,-,-,0,0,0,0,0,0,640
640,K.J. Osborn,WR,MIN,0,0,-,0,-,-,BYE,0,0,0,0,-,0,-,-,0,-,0,0,640
640,Noah Togiai,TE,ARI,-,0,0,-,-,0,-,BYE,-,0,-,-,-,-,-,-,-,0,0,640
640,Farrod Green,TE,FA,-,0,-,-,-,-,-,-,-,-,-,-,-,-,-,-,-,0,0,640
640,Sean McKeon,TE,DAL,-,0,0,-,0,0,0,0,0,BYE,0,0,0,0,0,0,0,0,0,640
640,Darius Bradwell,RB,FA,-,0,0,-,-,-,-,-,-,-,-,-,-,-,-,-,-,0,0,640
640,Malik Turner,WR,IND,0,0,0,0,-,-,BYE,-,-,-,-,-,-,-,-,0,0,0,0,640
640,Dan Chisena,WR,PIT,0,0,0,0,0,0,-,-,0,0,-,0,0,0,0,0,0,0,0,640
640,Matthew Slater,WR,NE,0,0,0,-,BYE,0,0,0,0,0,0,0,0,0,0,0,0,0,0,640
640,Tajae Sharpe,WR,FA,0,0,-,-,-,-,-,-,-,-,-,0,-,0,-,-,-,0,0,640
640,Keelan Doss,WR,LAC,-,-,-,0,-,BYE,-,-,-,-,-,-,-,-,-,-,-,0,0,640
640,Reggie Begelton,WR,FA,-,-,-,0,-,-,-,-,-,-,-,-,-,-,-,-,-,0,0,640
640,Evan Baylis,TE,FA,-,-,-,-,0,0,0,-,-,-,0,0,-,-,-,-,-,0,0,640
640,Duke Williams,WR,FA,-,-,-,-,-,-,0,-,-,-,-,-,-,-,-,-,-,0,0,640
640,Chris Myarick,TE,NYG,-,-,-,-,-,-,-,-,-,0,BYE,-,-,0,0,-,-,0,0,640
640,Taiwan Jones,RB,FA,0,0,0,0,0,0,0,0,-,-,-,0,0,0,0,0,-,0,0,640
640,Kristian Wilkerson,WR,LV,-,-,-,-,-,BYE,-,-,0,-,-,-,-,-,-,-,-,0,0,640
640,Kirk Merritt,WR,NO,-,-,-,-,-,BYE,-,-,0,-,-,-,-,-,-,-,-,0,0,640
640,Ross Travis,TE,FA,-,-,-,-,-,-,-,-,0,-,-,-,-,-,-,-,-,0,0,640
640,Nathan Cottrell,RB,FA,0,-,-,-,-,-,-,-,-,-,0,0,0,0,0,0,0,0,0,640
640,Marken Michel,WR,FA,-,-,-,-,-,-,-,0,-,-,-,-,-,0,-,-,-,0,0,640
640,Fred Brown,WR,FA,-,-,-,-,-,-,-,0,-,-,-,-,-,-,-,-,-,0,0,640
640,Chris Moore,WR,TEN,-,-,-,BYE,-,-,-,0,-,-,-,-,-,-,-,0,0,0,0,640
640,Kevin White,WR,FA,-,-,-,-,0,0,-,-,0,-,-,-,-,-,-,-,-,0,0,640
640,Brandin Bryant,RB,FA,-,-,-,-,-,-,-,0,-,-,-,-,-,-,-,-,-,0,0,640
640,Jeff Badet,WR,FA,-,-,-,-,-,-,0,-,0,0,-,-,-,-,-,-,-,0,0,640
640,Stephen Sullivan,TE,CAR,-,-,-,-,-,-,-,0,-,-,-,-,BYE,-,-,-,-,0,0,640
640,Alex Bachman,WR,HOU,-,-,-,-,-,-,0,BYE,-,-,-,-,-,-,-,-,-,0,0,640
640,Taywan Taylor,WR,FA,-,-,-,-,-,0,-,0,-,-,-,0,-,-,-,-,-,0,0,640
640,Jeremy Cox,RB,FA,-,-,-,-,-,0,0,0,0,0,0,0,-,-,-,-,-,0,0,640
640,Rashod Berry,TE,IND,-,-,-,-,-,0,BYE,-,-,-,-,-,0,-,-,-,0,0,0,640
640,Ricky Seals-Jones,TE,FA,-,-,-,-,-,0,-,-,-,-,-,-,-,-,-,0,-,0,0,640
640,Daniel Helm,TE,FA,-,-,-,-,-,0,-,-,0,0,-,-,-,-,0,0,-,0,0,640
640,Kyle Nelson,TE,FA,0,0,0,-,-,-,-,-,-,-,-,-,-,-,-,-,-,0,0,640
640,Matt Cole,WR,FA,-,-,-,-,-,-,-,-,-,-,-,-,-,-,-,-,0,0,0,640
640,Deon Cain,WR,FA,-,-,-,-,-,0,-,-,-,-,-,-,-,-,-,-,0,0,0,640
640,Hakeem Butler,WR,PIT,-,-,-,BYE,-,0,0,-,-,-,-,-,-,-,-,-,-,0,0,722
722,Easton Stick,QB,LAC,-,-,-,-,-,BYE,0,-,-,-,-,-,-,-,-,-,-,0,-0,723
723,Matt Schaub,QB,FA,-,-,-,-,-,-,-,-,-,-,-,-0.4,-,-,-,-,-,-0.4,-0.4,724
724,Nate Sudfeld,QB,DET,-,-,-,-,BYE,-,-,-,-,-,-,-,-,-,-,-,-0.5,-0.5,-0.5,725
725,Kendall Hinton,WR,DEN,-,-,-,-,BYE,-,-,-,-,-,-,-0.8,-,-,-,-,-,-0.8,-0.8,726
726,Tim Boyle,QB,NYJ,-0.2,-0.1,-,-0.1,-,0,-0.1,-,-0.1,BYE,-,0,-,-,-,-0.3,-,-0.1,-0.9,726
726,Andre Roberts,WR,FA,0,0,0,0.3,-0.4,0,0,0,0,0,-,0,0,0,-2,1.2,-,-0.1,-0.9,728
728,Adrian Killins Jr.,RB,FA,-,-,-,-1,-,-,-,-,-,-,-,-,-,-,-,-,-,-1,-1,729
729,DeAndre Carter,WR,LV,0.8,0,0,-2,0,0,0,-,0,0,-,0,0,-,-,0,0,-0.1,-1.2,730
730,Dede Westbrook,WR,FA,-,-,0.4,-,-,-,-2,-,-,-,-,-,-,-,-,-,-,-0.8,-1.6,731
731,Dwayne Harris,WR,FA,-,-,-,-,-,-,-,0,0,-2,-,-,-,-,-,-,-,-0.7,-2,731
731,Nsimba Webster,WR,CHI,0,0,0,0,0,0,0,0,-,0,0,0,-2,0,0,0,0,-0.1,-2,733
733,Ty Long,K,FA,0,0,0,0,0,-,0,0,0,0,-2.8,0,0,0,0,0,0,-0.2,-2.8
